shipment_id,region,transport_mode,shipment_volume,distance_km,transport_cost,delivery_time_days
SHP0001,East,Road,103.65,1257.86,3486.79,7.69
SHP0002,West,Road,36.82,600.75,1623.82,3.38
SHP0003,North,Road,62.09,684.5,1735.64,4.28
SHP0004,East,Road,151.04,804.42,2974.3,7.14
SHP0005,East,Rail,28.69,662.21,1517.44,5.52
SHP0006,West,Air,120.6,1124.61,3686.5,4.53
SHP0007,North,Road,17.67,475.66,1110.92,4.13
SHP0008,North,Road,204.15,704.49,3480.92,6.49
SHP0009,East,Rail,61.18,442.11,1852.48,5.68
SHP0010,South,Road,107.91,280.39,1664.7,5.23
SHP0011,East,Road,91.93,478.7,2124.99,3.85
SHP0012,East,Road,93.86,639.63,2056.79,3.84
SHP0013,East,Road,102.6,529.8,2166.67,4.11
SHP0014,East,Air,25.1,456.12,1810.5,2.31
SHP0015,West,Rail,94.97,256.23,1635.36,2.89
SHP0016,North,Rail,76.99,626.73,2372.8,4.94
SHP0017,West,Road,61.39,228.68,1346.94,3.38
SHP0018,West,Road,52.22,862.82,2374.13,6.5
SHP0019,West,Road,96.34,673.08,1990.94,5.73
SHP0020,East,Road,45.26,241.89,950.57,2.11
SHP0021,South,Road,149.58,563.42,2447.23,5.42
SHP0022,North,Rail,112.31,439.4,2068.31,4.0
SHP0023,South,Rail,99.67,739.37,2312.03,8.65
SHP0024,West,Road,146.19,1025.33,3733.55,8.9
SHP0025,West,Air,22.29,124.95,1414.6,1.0
SHP0026,South,Rail,36.0,682.21,2059.69,5.71
SHP0027,South,Road,115.06,605.16,2310.98,4.21
SHP0028,South,Road,54.15,837.98,2251.96,6.13
SHP0029,West,Road,58.53,709.7,1912.99,5.65
SHP0030,West,Road,32.51,439.45,1411.0,2.71
SHP0031,North,Road,45.35,560.66,1760.11,3.73
SHP0032,North,Rail,151.39,427.11,2086.63,4.05
SHP0033,West,Road,113.57,951.28,2987.73,7.54
SHP0034,South,Road,95.73,655.97,2224.88,5.99
SHP0035,South,Road,59.95,1182.33,2625.55,8.12
SHP0036,North,Road,92.35,633.01,2031.11,5.31
SHP0037,West,Rail,158.58,451.65,2332.87,5.01
SHP0038,North,Rail,55.0,226.16,1584.18,3.06
SHP0039,North,Road,84.24,145.12,1325.15,4.05
SHP0040,East,Road,210.95,206.44,2010.35,4.47
SHP0041,East,Road,127.19,724.8,2694.13,4.44
SHP0042,East,Road,60.48,792.44,1972.94,6.33
SHP0043,South,Road,121.61,207.27,1803.91,4.23
SHP0044,West,Road,28.36,900.61,2135.5,5.55
SHP0045,West,Road,82.27,514.74,1877.8,5.53
SHP0046,West,Road,121.54,691.1,2742.24,7.39
SHP0047,West,Road,106.79,1101.42,2924.85,7.07
SHP0048,East,Road,120.89,901.12,2636.0,5.63
SHP0049,South,Road,135.69,574.81,2285.34,6.67
SHP0050,South,Road,111.5,400.47,2080.54,4.77
SHP0051,East,Road,109.72,50.0,959.0,2.55
SHP0052,South,Rail,96.99,448.64,1448.49,5.96
SHP0053,East,Rail,41.95,590.88,1743.94,5.72
SHP0054,West,Road,151.35,373.59,2230.18,3.03
SHP0055,East,Road,84.01,613.25,2305.4,5.71
SHP0056,West,Rail,125.47,671.52,2492.31,8.2
SHP0057,West,Road,143.0,587.04,2391.6,5.23
SHP0058,North,Road,62.36,468.0,1872.5,4.11
SHP0059,East,Air,65.76,697.22,2176.81,2.22
SHP0060,North,Road,71.23,773.74,2224.37,6.26
SHP0061,East,Road,166.85,344.69,2223.29,4.31
SHP0062,East,Rail,48.09,1045.06,2790.49,8.0
SHP0063,North,Road,182.42,622.4,2723.11,6.52
SHP0064,North,Road,96.38,655.28,2262.36,4.99
SHP0065,East,Air,100.29,848.3,2593.55,3.8
SHP0066,South,Road,139.56,715.3,2559.68,5.47
SHP0067,West,Air,90.25,916.88,3177.64,4.07
SHP0068,North,Air,152.27,730.39,3020.73,3.35
SHP0069,West,Road,62.31,478.52,1694.51,4.67
SHP0070,South,Road,179.29,751.22,3111.05,6.54
SHP0071,South,Road,65.3,329.76,1368.54,3.71
SHP0072,South,Road,182.96,680.4,2956.73,7.34
SHP0073,North,Road,66.37,640.7,1839.89,4.68
SHP0074,South,Rail,72.47,591.73,2009.26,4.49
SHP0075,North,Road,44.41,614.01,1915.54,6.41
SHP0076,South,Road,52.6,123.08,984.67,3.95
SHP0077,West,Rail,84.25,496.36,1849.29,4.04
SHP0078,West,Road,98.45,676.0,2349.82,6.39
SHP0079,East,Rail,146.31,694.76,2897.38,5.97
SHP0080,West,Road,75.58,362.25,1195.37,4.12
SHP0081,East,Road,40.65,1004.4,2709.44,6.85
SHP0082,West,Rail,106.92,407.47,1893.14,4.78
SHP0083,North,Road,94.73,921.45,2813.36,5.97
SHP0084,West,Air,113.52,769.61,3206.61,3.29
SHP0085,East,Rail,57.5,469.06,1464.88,3.74
SHP0086,East,Rail,61.75,1147.09,2869.01,7.89
SHP0087,South,Road,57.52,315.78,1296.38,3.65
SHP0088,North,Road,161.64,907.36,3051.32,6.27
SHP0089,West,Rail,180.21,930.16,3760.62,9.67
SHP0090,South,Rail,60.15,462.23,1563.95,7.2
SHP0091,West,Air,60.89,1039.89,3012.2,4.07
SHP0092,West,Road,122.32,579.99,2340.48,5.54
SHP0093,South,Road,190.98,730.83,2860.74,7.35
SHP0094,South,Rail,213.27,722.89,3231.68,8.72
SHP0095,South,Road,58.48,612.39,1961.11,5.55
SHP0096,South,Air,67.77,877.03,2800.54,4.54
SHP0097,South,Rail,101.35,872.18,2756.46,9.1
SHP0098,West,Road,104.13,160.41,1301.23,1.7
SHP0099,South,Rail,77.32,1015.22,2592.26,10.41
SHP0100,North,Rail,51.49,184.5,1199.95,4.02
SHP0101,East,Road,84.33,939.11,3010.41,5.8
SHP0102,South,Air,213.15,965.48,4074.12,4.86
SHP0103,South,Road,62.3,344.53,1476.46,4.6
SHP0104,West,Rail,97.88,534.97,2249.09,5.59
SHP0105,South,Road,288.79,340.4,2830.59,6.13
SHP0106,South,Air,61.76,589.82,2592.26,4.49
SHP0107,South,Road,125.49,563.75,2332.91,4.74
SHP0108,West,Road,218.04,868.3,3819.97,6.06
SHP0109,South,Air,119.63,1016.89,3360.6,4.92
SHP0110,East,Road,155.5,1040.79,3722.33,7.9
SHP0111,West,Road,134.77,492.59,2371.17,4.66
SHP0112,East,Air,114.43,591.42,2767.53,3.53
SHP0113,West,Air,177.04,178.64,2397.3,1.19
SHP0114,South,Road,123.34,424.36,1978.36,5.4
SHP0115,East,Road,77.79,920.16,2828.46,5.81
SHP0116,West,Road,93.67,1102.36,3089.06,9.73
SHP0117,North,Road,106.12,304.38,1323.09,5.28
SHP0118,South,Road,67.53,484.11,1530.71,3.99
SHP0119,West,Rail,96.08,642.61,2277.12,5.91
SHP0120,North,Rail,88.38,728.45,2469.76,7.56
SHP0121,West,Rail,123.13,423.31,2089.47,4.8
SHP0122,North,Rail,249.32,768.74,3866.68,7.72
SHP0123,South,Road,99.3,517.32,1670.81,5.15
SHP0124,East,Road,193.58,645.95,2964.67,3.79
SHP0125,North,Road,120.72,802.96,2377.42,6.16
SHP0126,West,Road,95.83,651.8,2382.56,4.92
SHP0127,South,Road,65.26,527.81,1779.31,4.51
SHP0128,North,Air,96.24,619.31,2664.18,3.71
SHP0129,West,Road,92.93,625.26,2020.34,4.22
SHP0130,West,Road,55.11,546.4,1987.96,5.57
SHP0131,West,Road,60.62,577.54,2042.42,4.73
SHP0132,North,Rail,106.62,1097.62,3333.29,8.74
SHP0133,North,Road,192.55,807.06,3206.07,7.23
SHP0134,North,Road,82.7,567.27,2099.28,5.07
SHP0135,East,Road,31.43,845.15,2012.54,6.24
SHP0136,North,Rail,15.69,556.53,1726.52,6.22
SHP0137,North,Road,43.86,978.47,2772.86,6.45
SHP0138,North,Rail,127.23,753.5,2932.75,6.36
SHP0139,East,Rail,35.98,619.96,1704.67,4.36
SHP0140,North,Road,138.36,775.36,2845.69,5.37
SHP0141,West,Road,123.43,210.15,1394.75,6.06
SHP0142,North,Air,81.06,334.51,2055.5,2.7
SHP0143,West,Road,55.43,315.7,1414.22,2.22
SHP0144,West,Road,74.32,690.02,1825.08,4.43
SHP0145,West,Rail,105.15,1135.1,3077.9,10.36
SHP0146,East,Air,36.81,1274.76,3322.36,4.88
SHP0147,East,Air,182.15,828.65,3540.36,3.94
SHP0148,East,Rail,104.61,790.24,2427.42,6.58
SHP0149,North,Road,111.35,145.7,1491.28,2.56
SHP0150,West,Road,122.95,498.05,2201.91,5.17
SHP0151,East,Rail,172.72,429.42,2433.04,5.12
SHP0152,East,Road,96.37,476.16,1788.75,2.25
SHP0153,North,Road,127.27,602.92,2570.54,4.94
SHP0154,East,Air,56.02,517.81,2409.24,2.01
SHP0155,North,Road,213.74,95.8,1979.14,3.03
SHP0156,South,Road,92.67,859.41,2496.97,10.11
SHP0157,East,Road,55.84,349.63,1487.27,3.67
SHP0158,South,Road,65.27,716.99,2081.92,5.81
SHP0159,North,Road,21.3,1230.74,2755.14,8.8
SHP0160,West,Road,65.01,392.57,1677.47,4.45
SHP0161,East,Road,12.29,50.0,200.0,2.01
SHP0162,North,Rail,132.41,569.92,2674.97,6.55
SHP0163,West,Rail,109.47,958.27,3004.07,11.0
SHP0164,West,Road,45.64,1198.34,2821.47,7.31
SHP0165,South,Air,83.6,305.73,1901.45,2.48
SHP0166,North,Road,85.82,789.08,2420.91,5.11
SHP0167,West,Road,39.56,519.71,1284.69,5.1
SHP0168,East,Rail,75.26,620.33,2388.56,4.74
SHP0169,East,Road,87.37,1390.42,3558.79,8.39
SHP0170,South,Air,74.05,229.17,1786.83,1.74
SHP0171,West,Road,55.8,721.05,2256.99,6.71
SHP0172,North,Air,44.5,780.95,2331.33,3.79
SHP0173,East,Road,72.5,954.02,2722.14,5.4
SHP0174,West,Air,60.13,677.44,2388.0,3.25
SHP0175,West,Road,118.49,736.25,2717.58,5.49
SHP0176,South,Air,178.46,540.34,2651.63,2.55
SHP0177,East,Road,142.03,725.36,2696.71,5.44
SHP0178,East,Road,89.06,553.91,1907.48,4.26
SHP0179,North,Air,57.15,824.04,2763.74,4.74
SHP0180,East,Road,139.95,546.51,2453.32,5.09
SHP0181,North,Road,122.47,755.59,2502.22,4.69
SHP0182,East,Rail,171.77,641.81,2725.9,5.72
SHP0183,South,Road,96.43,965.29,2810.19,8.78
SHP0184,East,Road,207.74,635.61,2860.25,7.27
SHP0185,North,Road,96.45,153.55,1480.06,1.22
SHP0186,North,Air,56.97,1003.34,2949.93,3.04
SHP0187,South,Road,63.69,396.39,1018.63,6.11
SHP0188,East,Road,115.38,466.95,1977.15,4.54
SHP0189,East,Air,60.03,483.21,1889.2,1.91
SHP0190,South,Air,206.98,1034.84,3861.05,5.37
SHP0191,East,Road,110.12,52.01,1016.35,1.0
SHP0192,East,Road,87.94,1528.57,3830.75,9.45
SHP0193,North,Road,92.24,945.7,3002.84,7.09
SHP0194,East,Road,73.58,712.51,2254.27,6.06
SHP0195,East,Road,26.04,634.63,1602.38,3.79
SHP0196,South,Road,63.72,729.96,2241.25,6.28
SHP0197,South,Road,193.28,795.91,3131.44,6.31
SHP0198,West,Road,97.91,830.66,2466.66,6.83
SHP0199,North,Air,150.9,805.57,3119.02,3.2
SHP0200,East,Air,153.25,675.08,2786.97,2.94
SHP0201,East,Rail,84.06,594.75,2065.32,4.55
SHP0202,West,Road,123.57,607.64,2392.3,6.09
SHP0203,East,Road,28.21,595.43,1637.25,5.22
SHP0204,North,Rail,184.91,967.46,3476.29,8.4
SHP0205,West,Rail,176.87,816.2,3043.2,8.17
SHP0206,North,Road,113.61,50.0,1370.0,1.0
SHP0207,West,Air,99.93,833.65,2774.68,3.67
SHP0208,West,Rail,84.71,704.53,2482.96,6.81
SHP0209,South,Air,160.38,644.76,2917.14,5.12
SHP0210,North,Rail,131.45,541.21,2242.28,4.54
SHP0211,East,Road,8.0,964.75,1928.37,7.52
SHP0212,East,Road,68.87,915.31,2448.95,7.13
SHP0213,North,Air,40.74,433.59,2021.06,2.39
SHP0214,East,Rail,35.58,763.97,2192.31,8.12
SHP0215,East,Road,159.46,377.94,2373.44,4.27
SHP0216,North,Road,83.64,263.71,1534.04,3.52
SHP0217,West,Road,112.58,474.52,1839.76,4.62
SHP0218,North,Rail,89.96,891.47,2667.4,8.97
SHP0219,West,Air,35.91,916.88,2564.31,4.53
SHP0220,East,Road,28.69,793.66,2264.35,4.94
SHP0221,East,Road,66.04,853.03,2188.14,4.8
SHP0222,East,Road,69.48,794.53,2480.99,5.49
SHP0223,South,Air,69.45,470.39,2281.0,2.25
SHP0224,West,Rail,70.68,770.94,2694.43,7.16
SHP0225,South,Rail,240.49,874.11,3704.91,10.85
SHP0226,South,Road,149.66,861.2,3149.02,6.95
SHP0227,North,Road,98.71,982.9,3289.75,6.98
SHP0228,South,Road,82.41,848.33,2401.61,7.05
SHP0229,North,Road,84.12,748.41,2063.93,6.48
SHP0230,North,Rail,128.84,949.64,2776.08,5.85
SHP0231,South,Rail,81.96,642.57,2337.2,6.09
SHP0232,West,Air,141.45,403.08,2175.13,2.68
SHP0233,West,Air,104.83,604.34,2555.77,3.77
SHP0234,West,Road,241.67,441.43,2985.36,4.64
SHP0235,West,Rail,79.1,460.95,1885.63,3.12
SHP0236,West,Air,155.46,609.53,3073.55,3.61
SHP0237,South,Rail,43.26,428.12,1573.48,4.33
SHP0238,South,Road,58.05,563.77,2041.12,3.99
SHP0239,East,Road,224.46,119.79,2016.29,2.39
SHP0240,West,Road,138.2,709.72,2536.14,5.93
SHP0241,South,Air,113.71,650.34,2632.79,3.12
SHP0242,East,Road,274.95,421.22,3258.35,2.77
SHP0243,West,Road,83.11,834.59,2654.43,7.4
SHP0244,North,Rail,155.26,912.52,3317.27,9.51
SHP0245,East,Road,161.48,199.88,2095.48,3.62
SHP0246,South,Road,198.51,436.44,2374.63,4.0
SHP0247,North,Road,39.93,434.64,1741.65,3.69
SHP0248,North,Rail,82.78,386.83,2015.85,4.49
SHP0249,North,Road,103.8,882.25,2861.96,7.05
SHP0250,East,Rail,196.76,595.73,3269.53,6.83
SHP0251,South,Road,111.15,575.94,1917.6,4.79
SHP0252,North,Rail,161.67,88.92,1664.13,3.16
SHP0253,West,Road,37.5,827.92,2019.3,6.72
SHP0254,North,Road,71.75,303.01,1557.06,4.63
SHP0255,North,Air,176.51,666.78,3065.4,3.68
SHP0256,East,Road,77.51,727.67,2390.57,6.04
SHP0257,East,Road,86.79,1030.98,3128.93,7.0
SHP0258,South,Road,195.08,283.53,2404.21,5.65
SHP0259,West,Rail,49.75,50.0,931.81,2.82
SHP0260,East,Road,57.46,701.48,1883.6,4.4
SHP0261,North,Rail,34.78,1154.14,2663.16,10.5
SHP0262,South,Road,199.27,996.9,3853.96,9.16
SHP0263,North,Road,148.17,708.7,2868.18,5.4
SHP0264,North,Road,146.13,512.34,2342.92,4.33
SHP0265,East,Road,70.53,875.99,2403.21,6.33
SHP0266,South,Road,32.97,377.41,920.92,4.43
SHP0267,West,Road,26.57,783.38,1797.83,6.17
SHP0268,West,Road,177.22,791.53,3434.34,7.05
SHP0269,East,Air,117.94,946.86,3120.38,4.7
SHP0270,East,Road,130.6,1422.7,3956.4,10.03
SHP0271,South,Road,101.09,759.88,2664.95,6.75
SHP0272,West,Rail,53.11,507.49,1525.34,6.45
SHP0273,West,Road,72.52,642.84,2094.62,4.43
SHP0274,West,Road,44.92,154.66,1128.4,2.94
SHP0275,North,Rail,41.24,455.48,1571.83,6.62
SHP0276,West,Air,141.59,535.4,3276.22,2.87
SHP0277,North,Road,28.35,503.26,1184.8,3.41
SHP0278,South,Air,45.13,692.66,2546.9,3.03
SHP0279,North,Road,75.09,419.72,1636.01,2.97
SHP0280,South,Road,91.46,963.89,2930.68,6.92
SHP0281,West,Road,34.48,650.06,1880.29,4.92
SHP0282,West,Air,27.81,647.4,2015.94,2.26
SHP0283,South,Road,110.37,558.19,2218.53,5.44
SHP0284,East,Road,97.88,693.45,2003.22,6.05
SHP0285,South,Road,175.56,881.03,3352.55,6.74
SHP0286,East,Road,92.36,407.2,1822.01,5.12
SHP0287,North,Road,116.65,465.73,2166.46,4.84
SHP0288,North,Road,55.04,564.96,1981.95,5.55
SHP0289,North,Road,56.53,273.16,1328.54,2.5
SHP0290,West,Road,37.03,420.61,1421.39,4.82
SHP0291,North,Road,55.39,516.66,1546.02,3.39
SHP0292,East,Rail,71.87,894.83,2474.71,8.2
SHP0293,North,Road,166.22,723.52,3098.91,6.12
SHP0294,South,Road,50.17,704.21,2272.51,6.53
SHP0295,South,Air,247.45,888.25,4132.08,3.99
SHP0296,West,Road,122.38,611.54,2370.73,4.63
SHP0297,South,Rail,108.78,759.33,2455.13,8.5
SHP0298,East,Road,88.24,621.1,2345.49,4.05
SHP0299,North,Road,78.75,724.3,2376.71,5.99
SHP0300,West,Road,60.68,486.83,2036.93,3.19
SHP0301,North,Road,33.5,50.0,525.6,2.58
SHP0302,North,Road,51.3,612.4,1784.24,3.75
SHP0303,East,Road,199.01,1048.37,3764.04,7.99
SHP0304,South,Road,118.26,909.34,3000.11,8.16
SHP0305,South,Road,198.06,920.31,3439.81,7.3
SHP0306,North,Road,59.71,996.12,2465.58,7.44
SHP0307,West,Road,44.07,674.82,2074.37,5.71
SHP0308,South,Road,87.74,705.25,2416.26,5.63
SHP0309,West,Road,52.52,477.06,1445.77,3.44
SHP0310,South,Rail,98.43,561.5,2421.45,4.01
SHP0311,West,Road,28.71,822.42,2288.79,6.54
SHP0312,East,Rail,19.28,987.09,2419.1,5.97
SHP0313,West,Road,106.43,610.96,2260.91,5.5
SHP0314,East,Road,202.0,523.95,2873.44,4.65
SHP0315,East,Air,109.09,650.15,2583.1,3.3
SHP0316,West,Air,117.59,818.34,3115.99,3.67
SHP0317,East,Road,89.92,245.72,1064.57,2.69
SHP0318,North,Road,94.89,50.0,1283.49,2.75
SHP0319,East,Rail,32.32,495.85,1298.99,5.05
SHP0320,South,Rail,53.79,308.2,1658.06,4.69
SHP0321,West,Road,165.3,507.72,2420.05,5.56
SHP0322,North,Road,41.59,608.62,1737.32,3.41
SHP0323,West,Road,70.91,523.09,1715.27,5.47
SHP0324,South,Road,163.51,1056.69,3430.27,9.25
SHP0325,South,Road,93.4,741.49,2649.58,5.39
SHP0326,South,Road,96.13,734.13,1952.46,6.14
SHP0327,East,Road,71.23,824.22,2617.55,5.79
SHP0328,East,Rail,127.21,331.13,2019.37,4.08
SHP0329,West,Road,144.32,940.95,2912.61,7.75
SHP0330,West,Road,51.94,628.79,1693.64,6.61
SHP0331,North,Rail,34.56,837.73,2530.36,8.19
SHP0332,North,Air,22.39,349.88,1388.27,1.25
SHP0333,West,Road,114.47,214.95,1364.23,3.83
SHP0334,East,Road,107.29,879.01,2953.34,7.4
SHP0335,South,Road,284.95,755.39,3860.04,7.86
SHP0336,West,Road,90.22,397.43,1566.02,5.18
SHP0337,North,Road,81.07,406.49,1724.74,5.72
SHP0338,East,Road,100.31,965.12,2673.07,7.54
SHP0339,West,Road,103.4,316.96,1878.99,3.99
SHP0340,West,Road,77.42,1109.95,3151.84,9.05
SHP0341,East,Road,53.04,397.83,1563.64,3.71
SHP0342,West,Road,87.44,828.75,2577.85,6.55
SHP0343,East,Road,85.54,557.99,2315.16,4.23
SHP0344,South,Road,84.74,818.89,2474.99,8.4
SHP0345,East,Road,134.58,497.65,2026.91,3.74
SHP0346,East,Air,86.53,604.42,2572.07,3.54
SHP0347,East,Road,35.09,661.46,2201.87,5.27
SHP0348,West,Rail,58.61,369.39,1352.68,2.94
SHP0349,West,Rail,76.85,857.43,2504.49,8.25
SHP0350,East,Road,88.91,506.3,2001.77,2.48
SHP0351,West,Road,115.81,585.99,2258.2,5.91
SHP0352,North,Road,89.32,371.58,1503.69,4.56
SHP0353,North,Road,19.62,50.0,785.73,1.22
SHP0354,West,Rail,38.03,596.51,2224.95,6.03
SHP0355,West,Road,120.21,1325.53,3703.08,11.32
SHP0356,East,Road,75.61,869.69,2340.57,5.63
SHP0357,South,Road,93.77,644.61,1938.89,4.78
SHP0358,West,Road,69.99,576.39,1966.68,6.45
SHP0359,North,Rail,58.45,656.29,2263.71,8.13
SHP0360,East,Road,71.53,803.19,2436.48,5.72
SHP0361,West,Road,94.42,319.37,1620.21,4.69
SHP0362,North,Air,86.15,962.01,3043.96,4.68
SHP0363,North,Road,143.81,850.31,2761.91,5.86
SHP0364,South,Road,30.48,851.09,2294.21,6.25
SHP0365,East,Road,33.58,772.77,2185.88,6.46
SHP0366,East,Road,75.08,655.49,1825.01,6.44
SHP0367,South,Road,116.54,838.4,3026.29,7.67
SHP0368,South,Road,130.61,815.71,2902.79,6.15
SHP0369,East,Road,59.91,550.87,2052.42,6.11
SHP0370,East,Road,10.11,489.39,1086.59,3.4
SHP0371,West,Road,61.13,678.52,1799.56,5.24
SHP0372,West,Air,107.48,1083.73,3501.9,4.86
SHP0373,South,Road,85.22,303.05,1614.76,5.35
SHP0374,West,Road,118.91,239.09,1971.8,4.21
SHP0375,North,Road,162.22,696.13,2932.93,6.17
SHP0376,West,Air,78.2,664.25,2498.19,3.48
SHP0377,West,Road,65.39,698.54,1928.37,5.74
SHP0378,North,Road,48.43,718.31,2248.98,5.9
SHP0379,South,Air,33.44,587.5,1904.02,1.54
SHP0380,North,Rail,27.32,1067.16,2894.08,8.11
SHP0381,West,Rail,56.3,201.75,1157.37,3.67
SHP0382,South,Road,150.37,418.02,2492.33,3.64
SHP0383,West,Road,125.23,621.09,2522.91,5.92
SHP0384,North,Rail,63.52,189.91,1214.02,2.95
SHP0385,North,Air,248.71,600.76,3558.6,4.22
SHP0386,West,Road,58.76,1115.21,2774.83,9.49
SHP0387,East,Road,170.51,655.85,2868.11,5.0
SHP0388,East,Road,192.2,714.6,3069.71,5.66
SHP0389,North,Rail,111.54,297.15,1675.96,4.02
SHP0390,North,Road,55.97,477.42,1606.36,3.76
SHP0391,East,Road,68.75,544.95,1867.27,4.57
SHP0392,East,Road,95.73,561.04,1693.98,3.94
SHP0393,West,Road,34.12,1008.86,2544.51,6.2
SHP0394,West,Road,45.49,806.15,1992.54,6.79
SHP0395,East,Road,43.03,338.79,1078.99,3.79
SHP0396,West,Road,116.24,719.02,2213.4,5.29
SHP0397,West,Road,161.38,789.5,2649.61,7.52
SHP0398,South,Road,127.93,969.24,2820.22,7.3
SHP0399,West,Road,147.16,1092.55,3303.17,8.53
SHP0400,North,Road,53.0,365.77,1759.89,4.3
SHP0401,West,Road,70.63,422.96,1546.35,4.15
SHP0402,West,Road,73.88,297.88,1464.99,3.94
SHP0403,East,Road,111.3,584.47,2304.7,4.34
SHP0404,North,Road,57.28,780.58,2230.08,5.59
SHP0405,West,Road,142.26,926.45,3074.28,7.14
SHP0406,West,Air,189.34,628.73,3061.27,3.01
SHP0407,South,Road,114.46,560.44,2472.1,5.28
SHP0408,West,Rail,68.76,692.49,2531.5,4.96
SHP0409,West,Road,50.03,416.16,1177.22,3.58
SHP0410,South,Rail,43.1,1235.07,2840.86,10.36
SHP0411,East,Rail,19.8,199.85,891.91,2.62
SHP0412,West,Road,75.24,701.73,2016.34,5.53
SHP0413,South,Road,72.69,1216.61,3215.18,9.05
SHP0414,North,Road,137.53,651.9,2415.14,5.89
SHP0415,East,Road,59.65,596.79,2273.27,5.38
SHP0416,North,Air,77.79,549.92,2541.71,2.36
SHP0417,North,Rail,101.17,599.49,2305.72,4.64
SHP0418,South,Air,113.43,1034.4,3665.17,4.17
SHP0419,West,Road,128.99,50.0,1570.28,1.92
SHP0420,South,Rail,95.53,1079.36,3013.1,9.51
SHP0421,South,Air,35.52,251.29,1323.68,1.42
SHP0422,South,Road,107.94,575.34,2205.62,4.2
SHP0423,South,Road,56.98,529.81,1895.48,4.52
SHP0424,East,Rail,165.48,814.79,3153.83,7.48
SHP0425,West,Road,87.08,202.53,1067.82,3.6
SHP0426,North,Rail,98.82,779.41,2438.88,6.43
SHP0427,North,Road,297.39,1216.81,4729.01,8.78
SHP0428,West,Rail,130.22,268.31,1850.35,3.21
SHP0429,North,Road,106.85,703.12,2775.14,5.56
SHP0430,West,Road,79.16,464.64,1530.05,3.65
SHP0431,North,Road,37.6,769.25,2134.82,6.14
SHP0432,South,Rail,75.81,655.36,2456.32,4.74
SHP0433,North,Rail,49.63,470.38,2066.4,4.46
SHP0434,West,Road,201.76,786.6,3185.12,7.13
SHP0435,West,Road,107.64,1155.22,3350.65,8.62
SHP0436,West,Air,162.23,596.55,3124.19,4.73
SHP0437,West,Road,58.6,851.53,2382.42,6.85
SHP0438,West,Rail,51.98,287.88,1319.02,2.81
SHP0439,East,Road,123.31,382.2,2023.37,3.73
SHP0440,East,Road,48.34,782.27,1689.44,3.97
SHP0441,North,Road,65.64,1065.55,2916.64,7.23
SHP0442,West,Road,206.92,749.57,3249.26,5.87
SHP0443,North,Rail,67.26,562.34,1914.54,6.48
SHP0444,West,Road,32.2,649.8,2152.42,4.74
SHP0445,West,Road,23.98,299.89,955.98,3.16
SHP0446,East,Air,29.45,819.26,2405.14,2.94
SHP0447,East,Road,167.39,897.05,3573.26,8.11
SHP0448,South,Road,60.9,523.41,1607.06,4.64
SHP0449,East,Air,292.37,518.39,3715.07,3.96
SHP0450,South,Road,190.52,724.45,3035.48,7.63
SHP0451,South,Road,233.44,527.72,3158.37,6.35
SHP0452,South,Air,149.21,631.48,3029.94,3.72
SHP0453,South,Road,119.74,1237.92,3269.64,9.87
SHP0454,South,Road,50.78,580.83,1694.34,3.31
SHP0455,North,Road,85.83,549.66,1875.52,4.43
SHP0456,East,Rail,126.44,468.69,2193.57,5.89
SHP0457,South,Road,144.22,858.37,3053.04,7.31
SHP0458,West,Road,40.07,599.26,1822.39,3.68
SHP0459,East,Air,76.53,468.18,1847.48,2.32
SHP0460,East,Rail,81.87,1019.97,3097.9,9.83
SHP0461,South,Road,79.96,1047.49,2909.05,9.41
SHP0462,North,Road,43.76,481.88,1805.79,4.08
SHP0463,South,Road,218.74,127.37,2240.48,4.39
SHP0464,North,Rail,75.0,932.1,2892.64,7.45
SHP0465,West,Road,45.89,458.3,1612.26,2.64
SHP0466,East,Road,221.63,871.38,3800.13,5.92
SHP0467,West,Rail,190.62,98.37,2078.42,5.24
SHP0468,North,Air,93.36,899.93,3069.41,3.66
SHP0469,North,Road,23.82,310.87,1505.65,2.93
SHP0470,West,Rail,64.43,854.61,2634.99,7.41
SHP0471,North,Road,27.77,654.0,1863.1,6.68
SHP0472,West,Rail,114.81,382.9,1735.29,6.75
SHP0473,East,Road,61.68,536.03,1553.86,6.24
SHP0474,West,Road,84.61,842.17,2569.89,6.44
SHP0475,East,Rail,211.08,679.65,3233.33,7.03
SHP0476,West,Road,58.89,813.64,2168.73,4.86
SHP0477,North,Road,112.08,1203.4,3408.62,9.57
SHP0478,West,Rail,131.08,212.01,2051.92,2.58
SHP0479,North,Rail,164.59,1102.82,3780.41,9.61
SHP0480,West,Rail,81.01,679.22,2064.46,5.45
SHP0481,West,Rail,76.06,398.34,1694.52,4.14
SHP0482,South,Road,75.0,277.51,1258.52,2.74
SHP0483,North,Road,106.04,597.05,2148.25,4.48
SHP0484,South,Road,186.28,908.06,3296.7,7.33
SHP0485,North,Road,72.95,614.29,1925.7,4.47
SHP0486,South,Air,12.28,1073.12,2597.8,5.1
SHP0487,East,Road,139.17,243.67,1779.86,2.23
SHP0488,West,Road,89.45,646.62,2089.35,5.73
SHP0489,North,Road,114.96,299.33,1204.16,4.59
SHP0490,North,Air,28.54,751.82,2715.92,2.91
SHP0491,West,Road,61.83,898.33,2653.06,6.11
SHP0492,North,Road,132.98,532.19,2224.27,4.6
SHP0493,North,Road,36.73,50.0,710.33,2.89
SHP0494,South,Road,111.93,705.71,2250.58,6.49
SHP0495,North,Road,84.2,772.29,2690.22,5.37
SHP0496,East,Air,53.82,763.2,2890.97,3.39
SHP0497,East,Air,51.06,996.02,2988.47,3.28
SHP0498,West,Road,44.03,350.1,1498.97,4.3
SHP0499,North,Rail,89.17,840.46,2658.44,7.78
SHP0500,West,Air,95.28,983.9,3015.6,4.14
SHP0501,East,Rail,68.67,152.0,1131.5,1.99
SHP0502,North,Road,42.23,739.5,2045.87,4.69
SHP0503,North,Road,110.13,508.83,2002.49,5.06
SHP0504,West,Road,140.57,627.17,2483.02,6.83
SHP0505,East,Road,121.44,747.35,2590.5,5.1
SHP0506,North,Rail,238.56,513.58,3083.16,6.61
SHP0507,West,Air,77.04,460.8,2166.58,1.41
SHP0508,East,Air,176.44,659.56,3049.67,2.87
SHP0509,West,Road,57.18,345.57,1271.97,3.66
SHP0510,South,Road,51.46,345.97,1129.32,2.95
SHP0511,North,Air,92.38,840.22,3145.58,3.13
SHP0512,South,Rail,197.73,328.34,2082.09,4.53
SHP0513,East,Road,72.01,836.57,2623.79,6.14
SHP0514,South,Air,28.53,779.53,2647.07,3.55
SHP0515,South,Rail,139.11,166.77,1685.71,1.18
SHP0516,East,Road,82.11,460.28,1324.12,2.2
SHP0517,West,Road,102.08,984.35,2841.02,6.89
SHP0518,South,Road,53.19,375.27,1415.65,4.51
SHP0519,West,Road,91.88,519.97,1791.59,2.21
SHP0520,South,Road,31.68,779.38,1927.19,5.82
SHP0521,West,Rail,220.56,869.35,3901.75,8.14
SHP0522,East,Road,153.35,579.57,2646.02,6.14
SHP0523,South,Road,89.49,482.7,1720.92,4.48
SHP0524,East,Road,136.99,1048.26,2988.08,7.57
SHP0525,South,Road,57.28,1136.89,2806.79,8.7
SHP0526,East,Air,149.64,924.08,3498.54,2.8
SHP0527,East,Road,70.09,673.89,2190.67,5.72
SHP0528,South,Road,67.08,423.69,1520.46,4.62
SHP0529,South,Rail,46.04,417.48,1625.86,5.64
SHP0530,South,Road,109.36,796.3,2958.88,10.78
SHP0531,North,Road,87.24,767.15,2544.12,3.96
SHP0532,West,Road,179.52,1042.45,3562.44,9.81
SHP0533,North,Road,42.54,832.13,2162.73,5.71
SHP0534,North,Road,109.64,229.14,1499.12,3.36
SHP0535,East,Road,161.51,944.55,3472.79,6.78
SHP0536,South,Road,295.99,370.54,3053.7,4.83
SHP0537,West,Air,96.26,542.49,2454.79,2.57
SHP0538,East,Road,69.28,720.06,2190.13,5.57
SHP0539,North,Road,94.84,1208.79,3178.81,6.83
SHP0540,South,Road,171.79,1520.78,4153.26,12.16
SHP0541,East,Road,171.75,819.88,3161.51,5.88
SHP0542,South,Rail,80.14,598.7,2103.64,5.15
SHP0543,East,Road,170.13,799.66,3144.37,5.74
SHP0544,South,Air,84.84,898.54,2927.13,4.97
SHP0545,North,Road,136.15,560.21,2586.45,4.49
SHP0546,West,Road,116.87,1152.66,3166.04,8.82
SHP0547,North,Road,67.6,714.42,2466.54,4.81
SHP0548,West,Air,47.14,789.37,2235.17,3.97
SHP0549,South,Road,163.82,836.46,3155.23,8.02
SHP0550,East,Road,188.73,768.04,3215.3,7.65
SHP0551,North,Road,108.18,884.9,2622.77,6.39
SHP0552,West,Rail,84.78,477.17,1999.55,6.13
SHP0553,North,Road,38.94,493.68,1773.97,4.26
SHP0554,West,Air,161.53,341.96,2146.62,3.14
SHP0555,North,Road,101.21,773.06,2599.34,5.28
SHP0556,West,Road,73.51,868.1,2036.46,7.39
SHP0557,West,Road,138.28,778.18,2611.44,6.31
SHP0558,South,Road,34.15,1118.86,2959.01,8.27
SHP0559,West,Road,44.54,648.43,1765.56,5.4
SHP0560,South,Road,55.96,837.25,2090.55,7.04
SHP0561,West,Rail,114.83,344.32,1858.17,4.54
SHP0562,East,Road,95.45,541.61,2411.43,4.68
SHP0563,East,Road,122.44,844.75,2464.63,7.51
SHP0564,East,Road,155.58,887.75,2923.25,7.36
SHP0565,West,Road,124.89,567.69,2568.94,6.08
SHP0566,South,Road,223.1,629.95,3456.1,5.96
SHP0567,South,Road,155.38,225.0,1866.36,2.79
SHP0568,West,Road,80.03,550.03,1720.74,5.85
SHP0569,East,Rail,61.57,899.31,2914.3,8.16
SHP0570,East,Air,81.48,811.06,3124.13,4.1
SHP0571,South,Road,127.3,790.19,2850.64,6.27
SHP0572,East,Road,65.72,663.94,1905.25,4.79
SHP0573,North,Rail,129.25,651.98,2557.93,4.65
SHP0574,South,Road,121.2,465.11,2054.2,4.53
SHP0575,East,Road,46.7,845.67,2310.28,6.68
SHP0576,South,Road,153.8,767.87,3139.07,6.41
SHP0577,North,Rail,106.04,787.77,2809.13,7.79
SHP0578,South,Rail,217.23,502.71,2730.17,6.43
SHP0579,South,Road,85.02,50.0,1302.39,2.62
SHP0580,South,Road,71.5,957.2,2692.0,6.42
SHP0581,South,Road,42.81,515.93,1736.4,4.91
SHP0582,North,Rail,42.37,408.42,1754.59,1.24
SHP0583,West,Road,143.86,844.17,2747.46,6.71
SHP0584,South,Road,205.44,540.24,2822.12,4.15
SHP0585,South,Rail,80.8,946.78,2667.67,10.36
SHP0586,East,Road,77.71,822.76,2149.38,6.51
SHP0587,South,Rail,89.61,841.4,2694.17,8.8
SHP0588,East,Road,159.55,267.53,2445.74,4.71
SHP0589,West,Road,46.97,989.34,2187.28,6.32
SHP0590,North,Road,98.68,723.15,2392.55,7.23
SHP0591,North,Rail,145.65,546.6,2605.21,6.82
SHP0592,West,Rail,114.05,690.15,2550.06,6.68
SHP0593,North,Rail,8.8,152.65,755.44,3.85
SHP0594,West,Road,125.23,764.42,2431.99,5.3
SHP0595,West,Rail,114.67,361.78,1966.79,3.86
SHP0596,West,Road,176.34,271.25,1985.27,3.27
SHP0597,North,Road,196.64,223.74,1785.53,3.0
SHP0598,East,Air,171.57,961.55,3979.21,3.5
SHP0599,West,Road,89.89,473.81,2046.25,5.73
SHP0600,South,Road,27.6,1079.44,2554.96,7.81
