region,transport_mode,shipment_volume,distance_km,transport_cost,delivery_time_days,predicted_delivery_time,delivery_risk
East,Road,103.65189474647498,1257.8639608993878,3486.7928641427256,7.688889883858406,8.569000438929566,High Risk
West,Road,36.81899801770997,600.7519725189458,1623.824688933099,3.3841447714272612,5.026986829172013,Normal
North,Road,62.087625954417966,684.497345899656,1735.6424026874397,4.279962095655387,5.360679752720336,Normal
East,Road,151.04480606283005,804.4159052913309,2974.3023529517945,7.135263053642675,6.265694393018284,Normal
East,Rail,28.688707650444936,662.2086849842871,1517.4388667285748,5.522857339440166,5.691558070463124,Normal
West,Air,120.60002073645089,1124.6142913206108,3686.5024599501926,4.533378998683017,5.94115888783214,Normal
North,Road,17.673422612543984,475.6581787143534,1110.9195664419644,4.127814240912033,3.9741430585112565,Normal
North,Road,204.15297156490342,704.490087466428,3480.9177369417416,6.487415080731313,6.251511520187517,Normal
East,Rail,61.18472584027318,442.1082360045465,1852.4755526498277,5.676071997156406,4.668661811691354,Normal
South,Road,107.90842501030053,280.39369685820236,1664.7046816907045,5.230286260766832,3.854605628883795,Normal
East,Road,91.93350261888328,478.7046545465201,2124.9920317448623,3.8530425196532856,4.159165805627007,Normal
East,Road,93.86251707136445,639.6296968264446,2056.788186098914,3.8396898969179887,5.035754278843299,Normal
East,Road,102.60094748883786,529.7953771351672,2166.6745577803085,4.111340179088804,4.487307842811264,Normal
East,Air,25.09862358241588,456.12212563532034,1810.5019002881054,2.310151994440996,1.2265925515161613,Normal
West,Rail,94.97411149678415,256.23111017188654,1635.3647712348966,2.89297815130133,4.2787304865560305,Normal
North,Rail,76.98921721844212,626.7304396639655,2372.797307370338,4.940773781901563,6.03848887562469,Normal
West,Road,61.39381589088902,228.67829527131937,1346.938899166706,3.383564380091814,3.0875202559561177,Normal
West,Road,52.21520713708354,862.8156698330887,2374.1287398867203,6.502771228910042,6.58716737666393,High Risk
West,Road,96.33618840984413,673.0831308216609,1990.9446100498571,5.734548966478011,5.714308732947009,Normal
East,Road,45.262374153269796,241.88558014981942,950.5690840304051,2.1083272933358446,2.5602962893256485,Normal
South,Road,149.58157562743543,563.4214584260383,2447.2294345584755,5.418483511891449,5.646721174029837,Normal
North,Rail,112.30772840139574,439.3962064346367,2068.3056537639245,4.001723919878558,5.147332161496462,Normal
South,Rail,99.67122374006992,739.3688629173705,2312.0285368843324,8.650723976046397,7.239771655700967,High Risk
West,Road,146.19408582524224,1025.3261248864806,3733.552550585849,8.89625803778414,8.006411194086468,High Risk
West,Air,22.289427308779498,124.95170849919157,1414.59546729236,1.0,-0.12946849336329858,Normal
South,Rail,36.00383248282546,682.2073021612769,2059.6924005453525,5.706217814648025,6.627228527932555,High Risk
South,Road,115.06455910070838,605.1628172413407,2310.9826724526547,4.212557275101188,5.709874535733505,Normal
South,Road,54.15297423277333,837.9752214061305,2251.957959495102,6.128107153333271,6.7027226154548885,High Risk
West,Road,58.528217357872144,709.695055906553,1912.9936955998003,5.645751134075584,5.740526397886277,Normal
West,Road,32.51085788766588,439.44858711313066,1411.0045562838814,2.7093422234065967,4.112148433860829,Normal
North,Road,45.34518575784654,560.6648980133469,1760.110856006882,3.727308533185475,4.616755007088081,Normal
North,Rail,151.38759889304953,427.1127600950231,2086.632414619057,4.050380337655422,5.253405930292059,Normal
West,Road,113.56985325540575,951.2819988076076,2987.726396337077,7.536085438169387,7.392814315629817,High Risk
South,Road,95.73429870826439,655.9672616281438,2224.8797559231148,5.992028087672572,5.893376731162148,Normal
South,Road,59.94963899860235,1182.333392010842,2625.548815592065,8.115230913948347,8.633465606192786,High Risk
North,Road,92.34738585597016,633.0149721319062,2031.109574666701,5.310557377787987,5.240558661939107,Normal
West,Rail,158.58031921580795,451.64610526507045,2332.8745970783016,5.010570115386467,5.68304636053679,Normal
North,Rail,54.99946647393264,226.15997006840843,1584.1758815601047,3.0630718568819257,3.693334249660921,Normal
North,Road,84.23501893209082,145.12089064833538,1325.145346426551,4.052787492267034,2.489277664269698,Normal
East,Road,210.94686193038473,206.44193595846286,2010.3483049839458,4.465728791104026,3.190467974166318,Normal
East,Road,127.1911226249083,724.7954622832153,2694.1342202184633,4.4383020601222665,5.702915996418023,Normal
East,Road,60.477142249979615,792.4430065043815,1972.9402682240534,6.328711625318459,5.712186021776574,Normal
South,Road,121.60828157104883,207.26660343100264,1803.9072333585796,4.226766516490163,3.5300259276363164,Normal
West,Road,28.357827261229247,900.6107279413123,2135.5037656450604,5.54964984086315,6.666167977374232,High Risk
West,Road,82.27438342830854,514.7429055286369,1877.7954219387493,5.533250388690929,4.782000193775124,Normal
West,Road,121.53548287778793,691.1020433559538,2742.2376534861824,7.392389030122392,5.991475615453197,Normal
West,Road,106.79322578523771,1101.4217759115188,2924.8520687448563,7.072415551869457,8.173166053051283,High Risk
East,Road,120.89144458399919,901.1150084423489,2635.9998933028014,5.631806014202183,6.628040603215923,High Risk
South,Road,135.6928332027443,574.8114185863669,2285.3416447022573,6.67296468310516,5.63294025632719,Normal
South,Road,111.49545455178286,400.4661768837195,2080.5378931911946,4.769923223378472,4.560875833570345,Normal
East,Road,109.71965481443488,50.0,958.9992210780995,2.551883756308214,1.8007132827504941,Normal
South,Rail,96.98644688048226,448.6370706121224,1448.4929905119964,5.958599488083934,5.569100462840186,Normal
East,Rail,41.946856658950345,590.8835331282455,1743.9433097180768,5.723140306369446,5.3828424209979,Normal
West,Road,151.35139447208311,373.5897323976685,2230.184389118651,3.0320215810221796,4.349853529992361,Normal
East,Road,84.00645285360103,613.2480492141547,2305.402466545103,5.713972570160316,4.872049943807426,Normal
West,Rail,125.46808922196342,671.5185272284551,2492.310472595407,8.201806458438364,6.747358446802956,High Risk
West,Road,143.00476173179604,587.040325093738,2391.6020966114665,5.2292512498874135,5.487905670886134,Normal
North,Road,62.361016000674226,467.9992773694313,1872.5001105043368,4.1074840002250115,4.1980731786471495,Normal
East,Air,65.76436820166028,697.2233081506838,2176.8130651855436,2.2219262981761236,2.7483103803774194,Normal
North,Road,71.23248369771102,773.7433818794345,2224.3653995675318,6.258946886062958,5.930476383061908,Normal
East,Road,166.85326039011983,344.6882583160031,2223.293052879979,4.30792736293044,3.7680783331976353,Normal
East,Rail,48.09294942138814,1045.0610663289556,2790.491578373869,8.000914066887168,7.973550334639203,High Risk
North,Road,182.42298595184207,622.3953229604067,2723.1116415556567,6.516878272259995,5.640779460633279,Normal
North,Road,96.37506556197297,655.2778944245573,2262.3639588386877,4.986229995232347,5.400374213346728,Normal
East,Air,100.29012785387513,848.300038511836,2593.5450681804596,3.8022461044417675,3.7586112961757516,Normal
South,Road,139.5641295611001,715.3005167537805,2559.6829746143217,5.467194951831209,6.438412621055193,Normal
West,Air,90.2475804549627,916.8782574957086,3177.6389239025966,4.066714103876943,4.6328210748672145,Normal
North,Air,152.2659645765165,730.3947662565108,3020.7323363596215,3.3520416580125882,3.6344920759836805,Normal
West,Road,62.3100409212051,478.5175351006774,1694.5068944550576,4.668789007077026,4.4809295402390585,Normal
South,Road,179.28563270650014,751.2209870577085,3111.0524316880474,6.536493742122641,6.858106293879716,High Risk
South,Road,65.29797780090018,329.7566619502147,1368.5364086199809,3.711730436495123,3.9090612327442336,Normal
South,Road,182.96074034466068,680.3967176174265,2956.7347368531787,7.3428516437000635,6.4752176434742115,Normal
North,Road,66.37404120379813,640.695602619551,1839.8880997622857,4.680694492825864,5.151012341394536,Normal
South,Rail,72.46645945961095,591.7272799636889,2009.263945696735,4.490569104114338,6.290648565536731,Normal
North,Road,44.41452624355499,614.0094967970994,1915.5410685542897,6.4081386544939045,4.916787050272151,Normal
South,Road,52.59881552526372,123.08226726066107,984.66879918844,3.953819074879891,2.6952625580596656,Normal
West,Rail,84.2502292523588,496.3570258325308,1849.286519885657,4.042991560941637,5.5561301644437675,Normal
West,Road,98.45362999196867,675.9965723195121,2349.8187475056147,6.387698034368812,5.772327789941516,Normal
East,Rail,146.3121483190777,694.759789759272,2897.382841266604,5.968732713881046,6.510083912672647,Normal
West,Road,75.58219654897314,362.25096054073174,1195.3666620090144,4.120514611633052,3.8615265292167815,Normal
East,Road,40.649119636421474,1004.3981954421162,2709.443654642211,6.850441664191537,6.844581494296147,High Risk
West,Rail,106.92307734458687,407.47104249993976,1893.141732543321,4.77759495744081,5.176472065772829,Normal
North,Road,94.73481344892699,921.4480161474863,2813.3576746883655,5.9749500901527,6.889981595261464,High Risk
West,Air,113.51687602901896,769.6144213240717,3206.61263311461,3.2861681381694576,3.9372100654794657,Normal
East,Rail,57.50373339884233,469.05635324373515,1464.879868471091,3.7444993216034517,4.763416146901214,Normal
East,Rail,61.75002460726863,1147.0870499306634,2869.011839107103,7.894870850298194,8.59492320184865,High Risk
South,Road,57.51743931542181,315.78168710818557,1296.3829189635537,3.654550283385721,3.792437361945926,Normal
North,Road,161.63529748319633,907.3631686108004,3051.3203700065974,6.266117531718585,7.128242478531068,High Risk
West,Rail,180.21202375169017,930.1630490520339,3760.616795409058,9.66691714075801,8.508780845514027,High Risk
South,Rail,60.14518629414846,462.2263414585394,1563.9450961273442,7.195687724681213,5.492195407279105,Normal
West,Air,60.889538271641605,1039.8902840180122,3012.2032806815064,4.074789557703483,5.1574785241215135,Normal
West,Road,122.32137075414916,579.9869759122932,2340.4798005561524,5.5374753110378405,5.354316662274144,Normal
South,Road,190.98324841402314,730.83421619836,2860.735773854237,7.352036326443254,6.775599606997476,High Risk
South,Rail,213.27204981410674,722.8901148559418,3231.682943028933,8.721113201005386,7.732057021329757,High Risk
South,Road,58.47828623716934,612.3935523882466,1961.113319850907,5.552169384215722,5.4692744895393615,Normal
South,Air,67.77208427304713,877.026316484739,2800.5428194738547,4.542261147413934,4.5365196977763205,Normal
South,Rail,101.35268163149578,872.1768417546197,2756.4568303908254,9.099377889545243,8.00951904348727,High Risk
West,Road,104.13146354690258,160.4110474933094,1301.2271951596144,1.6999191647405696,2.8995465988074316,Normal
South,Rail,77.32166295217866,1015.2152680058828,2592.2595634140316,10.410164981025988,8.666432548738994,High Risk
North,Rail,51.490455074336474,184.5022433500112,1199.9472047738063,4.016334984041613,3.4163761847017544,Normal
East,Road,84.3283085712056,939.112937215664,3010.4107084581624,5.797490562528846,6.708731370045335,High Risk
South,Air,213.14925083648683,965.4774383117233,4074.120160440412,4.861908129208133,5.77056304762684,Normal
South,Road,62.296813205027185,344.5293995397445,1476.4639853292817,4.604853182089032,3.9860865653821,Normal
West,Rail,97.87518357860263,534.9719993727163,2249.089616526499,5.593761295520936,5.862282729724972,Normal
South,Road,288.79499733504326,340.40269282393797,2830.5894731581907,6.126375244031287,5.079729421408938,Normal
South,Air,61.755245465106306,589.8221115191541,2592.2613121225295,4.490371568788011,2.9305246211503855,Normal
South,Road,125.49362457197186,563.7504004279924,2332.911521066088,4.737762968443003,5.532538988516399,Normal
West,Road,218.03735623398228,868.3049490354151,3819.9673624362304,6.061254684490409,7.475763203023087,High Risk
South,Air,119.62550490306441,1016.8864489134903,3360.597626597703,4.91696724307129,5.574900178647572,Normal
East,Road,155.50175971821204,1040.7914670211876,3722.3280300207325,7.904718971115033,7.638183402583393,High Risk
West,Road,134.7697097661542,492.5929525580754,2371.1668614750106,4.661248600965647,4.936783005967779,Normal
East,Air,114.42525827239338,591.4178753515322,2767.5321444149913,3.530543557340621,2.440682952352897,Normal
West,Air,177.04138236312534,178.63730617813394,2397.3013712276165,1.1928255441849565,0.930048607378906,Normal
South,Road,123.33777235555267,424.35638138106714,1978.3561152615525,5.395832554062671,4.733171677262305,Normal
East,Road,77.78767588012397,920.1584572672881,2828.4601108066727,5.809195060801778,6.56041008588419,Normal
West,Road,93.66945252501912,1102.363190593505,3089.0567373507706,9.725629196802723,8.135871557065412,High Risk
North,Road,106.11836638939357,304.38231587362185,1323.0869757241467,5.277632217520722,3.450276234986871,Normal
South,Road,67.52808398962993,484.1100074371896,1530.712155376876,3.9926905926607192,4.772391023612555,Normal
West,Rail,96.07639712491442,642.6063880515004,2277.1196417999654,5.909089846419295,6.441815051082566,Normal
North,Rail,88.38031335715596,728.4451244694899,2469.761553409879,7.562949813650873,6.649938961604311,High Risk
West,Rail,123.1295206644146,423.3110144219391,2089.4719974623913,4.802089824380932,5.351517195449759,Normal
North,Rail,249.31984479462264,768.7370924499451,3866.6812457165406,7.715296214856444,7.701769001973153,High Risk
South,Road,99.29922057858481,517.3249828201435,1670.8072708561238,5.148609468241827,5.10484623234974,Normal
East,Road,193.58423359025974,645.9533641540819,2964.666034105851,3.793897960418562,5.5900795193676185,Normal
North,Road,120.72011533916819,802.9595894410359,2377.4238103382395,6.162376927832647,6.319975817609311,Normal
West,Road,95.83106203537754,651.7982355470626,2382.5585956039345,4.924079235205459,5.632362897981466,Normal
South,Road,65.25862431224772,527.8119506525608,1779.3116351558608,4.514470470007567,5.022711825690452,Normal
North,Air,96.240056402487,619.3092549007673,2664.1803226286675,3.7098226795162708,2.7528539188060055,Normal
West,Road,92.93237399356481,625.2583714225061,2020.342146979145,4.2213410433846805,5.442240388159309,Normal
West,Road,55.114754540679655,546.3969116330043,1987.9642069123465,5.573670268667367,4.84516357294311,Normal
West,Road,60.619643940689336,577.5371024532113,2042.4155154419975,4.7319949286200025,5.043466758534629,Normal
North,Rail,106.61809784300631,1097.6212077413206,3333.287513333228,8.74356080311601,8.814950077706477,High Risk
North,Road,192.5453691892538,807.0574454235468,3206.06982776077,7.234211695421146,6.73277760950349,High Risk
North,Road,82.70334537092693,567.265510951835,2099.2795932846925,5.067578414630657,4.8473247622546065,Normal
East,Road,31.425009919705467,845.147233263006,2012.5417907207177,6.244354545255597,5.874967172441361,Normal
North,Rail,15.685613737015846,556.5305428683172,1726.5179418366292,6.220691619735995,5.329319731184514,Normal
North,Road,43.85802563451897,978.4748985242595,2772.862907816722,6.451045004079883,6.973330751581629,High Risk
North,Rail,127.23098522274437,753.4998138154663,2932.7476499586255,6.363855749518183,6.998672649153665,High Risk
East,Rail,35.98315873285054,619.9553996788159,1704.6677877169996,4.361107242023714,5.511088147051156,Normal
North,Road,138.3629683390518,775.3607392268777,2845.685856720055,5.366899102309201,6.290225214350713,Normal
West,Road,123.43412942015077,210.15467742082018,1394.7464071770462,6.064606044418055,3.2629383438145636,Normal
North,Air,81.06020925061665,334.50510870525454,2055.4982137207826,2.6965477873218378,1.083048771141132,Normal
West,Road,55.42541932312074,315.7009982082645,1414.2184801270157,2.223404055447208,3.5403983678575064,Normal
West,Road,74.31946342533358,690.0240665338379,1825.077718634212,4.430067746815754,5.694730966737445,Normal
West,Rail,105.15026166713935,1135.1041998558258,3077.9035618324556,10.363963470778737,9.231018154690963,High Risk
East,Air,36.80671236320276,1274.764040933937,3322.3568033289657,4.882649346567584,5.864676451810592,Normal
East,Air,182.15366796687448,828.654308403412,3540.3621254224595,3.9439842992225604,4.097198406032389,Normal
East,Rail,104.60931365684127,790.236452984448,2427.418647975101,6.576103250790617,6.803135211544793,High Risk
North,Road,111.3489548459242,145.70383443723307,1491.2807398829284,2.560085065445162,2.626418542769708,Normal
West,Road,122.95142958099606,498.0513360744739,2201.910514330241,5.167801599305919,4.899163447862583,Normal
East,Rail,172.72000695499523,429.4205494656931,2433.0436228313647,5.123091173483824,5.1413996870792875,Normal
East,Road,96.37322389173941,476.1626724896875,1788.7456860979405,2.252936737938361,4.133955184236884,Normal
North,Road,127.27367926025443,602.9197307962589,2570.539275401892,4.944958797425516,5.2794576812934615,Normal
East,Air,56.01551859382375,517.8146382448043,2409.242094984312,2.0121028169819724,1.7521086736993001,Normal
North,Road,213.74354138840079,95.79605309477938,1979.1351291294513,3.0334415819135367,2.8483865749350357,Normal
South,Road,92.67238430709074,859.4148717129094,2496.9686345920677,10.114952265308684,7.010370287288508,High Risk
East,Road,55.83787510163383,349.6319527928542,1487.2691931727031,3.671721786921684,3.241281168246986,Normal
South,Road,65.26919689729361,716.9891219511219,2081.922804915632,5.810703816732972,6.078420351101803,Normal
North,Road,21.299589063940907,1230.7431475299927,2755.140368071479,8.804033179022282,8.243635027867823,High Risk
West,Road,65.01077348979298,392.57231435580144,1677.473917995183,4.447858251302306,4.024205127300199,Normal
East,Road,12.288623912346578,50.0,200.0,2.013216304860726,1.3044345379745894,Normal
North,Rail,132.40694030949945,569.918817873569,2674.974201767979,6.546153826104332,6.000196316519725,Normal
West,Rail,109.47124557242326,958.2686977996,3004.072553429989,10.997040155734846,8.282321179933062,High Risk
West,Road,45.640774971584264,1198.3372871817664,2821.468795060482,7.310498639638431,8.422486081477462,High Risk
South,Air,83.5992561311489,305.7261135533233,1901.4458064580595,2.4784515523359354,1.4191661199370145,Normal
North,Road,85.8171434609621,789.0757825062261,2420.910914459139,5.109365342082466,6.0956813365584175,Normal
West,Road,39.560447633902186,519.7130721015851,1284.6881717319416,5.1040203700544655,4.56755601928088,Normal
East,Rail,75.25758359719718,620.334460794842,2388.56223531186,4.735308220973315,5.747862695726033,Normal
East,Road,87.3728724879913,1390.4161371647697,3558.7931494770723,8.389918999145902,9.224547369211992,High Risk
South,Air,74.0460021827857,229.1683080493571,1786.8329690878952,1.7390706663523396,0.9508369937700472,Normal
West,Road,55.80236414404001,721.0471052184805,2256.9931251946045,6.706478936751488,5.821823461346928,Normal
North,Air,44.49699582804207,780.9540880943213,2331.3341905755433,3.7927085924911847,3.374043421376763,Normal
East,Road,72.49747320408943,954.0201709830171,2722.1440652143665,5.404365239957001,6.7114820881843515,High Risk
West,Air,60.12787141882501,677.4352829718507,2388.0005513516808,3.2511841698060064,3.1274678571580403,Normal
West,Road,118.48530101474529,736.2541510611486,2717.58308630826,5.485467700192006,6.221194086682011,Normal
South,Air,178.45865935336533,540.3384011218985,2651.6274537564736,2.547995994122354,3.178155871698803,Normal
East,Road,142.0338145280077,725.3555435486301,2696.714246123193,5.441235511672082,5.771193917731129,Normal
East,Road,89.06454410066071,553.9061628607251,1907.4834007759855,4.264799924366172,4.535264583622762,Normal
North,Air,57.147272588167226,824.0401291596943,2763.7419326943864,4.744897917833917,3.7032121039045007,Normal
East,Road,139.9546665720132,546.5091059077824,2453.323398974169,5.090097728117835,4.767991276248882,Normal
North,Road,122.46532604692587,755.5881102926122,2502.2156905112342,4.693584350117613,6.081668260792135,Normal
East,Rail,171.7710216200462,641.8064121682061,2725.9019226238265,5.721103601053224,6.318117593573692,Normal
South,Road,96.43233438061371,965.294070216207,2810.1870711000824,8.778637128717907,7.630865723371897,High Risk
East,Road,207.74486363290868,635.6097573952238,2860.2454684213694,7.266439529169037,5.586310547498108,Normal
North,Road,96.44939500450141,153.55090890207322,1480.0618906826285,1.2191840383473533,2.6027800636645235,Normal
North,Air,56.97411870060064,1003.3380201999177,2949.9316959336315,3.0437052905343482,4.6937581147688725,Normal
South,Road,63.688750073328244,396.3949557584667,1018.6317892032313,6.1148104832458205,4.232004311759427,Normal
East,Road,115.38411023794897,466.9454251783304,1977.1466601012187,4.54342414936964,4.184404005358161,Normal
East,Air,60.02705595027446,483.2148376678222,1889.2043647755324,1.912397965772665,1.5339772740562432,Normal
South,Air,206.97578196621913,1034.8426660878288,3861.054915636291,5.371221195067137,6.100886690082668,Normal
East,Road,110.12078958920742,52.011220085965306,1016.3536473212663,1.0,1.8186585790593701,Normal
East,Road,87.94481594724448,1528.5695894247983,3830.749940185972,9.453974612706999,10.002661850210378,High Risk
North,Road,92.24204532873144,945.6959065384945,3002.835502547763,7.091667956298675,7.028196959088937,High Risk
East,Road,73.5781314889559,712.5068959561647,2254.273509535084,6.063672453420195,5.3610228688138655,Normal
East,Road,26.039479224693174,634.6296798274398,1602.3785482197213,3.7881706768876517,4.6699019185625,Normal
South,Road,63.71783224833655,729.9551409601439,2241.248158095016,6.281647812642565,6.156691851374448,Normal
South,Road,193.2819661980057,795.9142799462147,3131.43531868672,6.310858124914781,7.164111490692064,High Risk
West,Road,97.91194520128543,830.660364066016,2466.6596125220185,6.833604109222719,6.6210482440841085,High Risk
North,Air,150.90355581188524,805.5692504809656,3119.023434953423,3.2015719999140835,4.046006716606412,Normal
East,Air,153.24937410729126,675.0825907514696,2786.969101247407,2.941220039112819,3.0670791937481834,Normal
East,Rail,84.05880388501757,594.7452423139487,2065.315819072231,4.549426451054975,5.617715325673112,Normal
West,Road,123.57130577960628,607.6434805770167,2392.3034688662697,6.09058399035941,5.514817014036751,Normal
East,Road,28.208570479823774,595.4256815012493,1637.2469576293624,5.217260309972787,4.469581300675495,Normal
North,Rail,184.9132017535899,967.4556271227781,3476.2939157724622,8.40304875935183,8.463667738114593,High Risk
West,Rail,176.87148132176196,816.1958822386414,3043.202756732752,8.172906408939507,7.809102498343956,High Risk
North,Road,113.61340736584486,50.0,1370.0008475373775,1.0,2.105197951675463,Normal
West,Air,99.93171742548272,833.6522174283331,2774.6812221155064,3.6716897136892888,4.186055497630887,Normal
West,Rail,84.70853332870017,704.526134521257,2482.9598133227923,6.814216958878256,6.74735850152844,High Risk
South,Air,160.3786094095492,644.7615481951487,2917.1357885029693,5.119620565166303,3.6907236132501313,Normal
North,Rail,131.45420882696158,541.214833135112,2242.2794021305344,4.537392556926399,5.800372194112448,Normal
East,Road,8.0,964.7515615960838,1928.3690546419332,7.518492431150357,6.41454365433657,Normal
East,Road,68.8726727627854,915.3074093944002,2448.9495648322804,7.130532400753629,6.460202745529718,Normal
North,Air,40.74326144591772,433.59425300938943,2021.0570930040142,2.3895097652332824,1.4417441157260786,Normal
East,Rail,35.57618181942389,763.9746403948699,2192.3146497502735,8.116950974850598,6.336571169835485,Normal
East,Road,159.4644051964465,377.93611432843994,2373.4415090870752,4.2709157516337255,3.9301476985059005,Normal
North,Road,83.63867779222892,263.7069138590995,1534.0419290114908,3.5183502098218384,3.1501712521505527,Normal
West,Road,112.57759027112661,474.51917711480974,1839.7585584790431,4.623059710030319,4.6926547753864085,Normal
North,Rail,89.96138167317143,891.4701722671724,2667.399706362143,8.970449255800425,7.560797427378622,High Risk
West,Air,35.90683888136304,916.8750127053042,2564.3121702094836,4.534576164631147,4.338583733633946,Normal
East,Road,28.689862665539135,793.663917627242,2264.348741529307,4.9386983248728376,5.6063475159995,Normal
East,Road,66.0357793901145,853.0268203174392,2188.135272839351,4.802356802139392,6.085451932289697,Normal
East,Road,69.47843817589504,794.5299203921884,2480.990691682033,5.4862703347952575,5.809541894921841,Normal
South,Air,69.45176019582004,470.38515333757334,2280.9969037039937,2.254999642327502,2.2867107546765446,Normal
West,Rail,70.67562134096283,770.9383125087033,2694.431988104929,7.156640786816573,7.066157857539139,High Risk
South,Rail,240.49241091811652,874.1146670637511,3704.9139060050693,10.846959516098186,8.716351980398017,High Risk
South,Road,149.6644426355902,861.2015723478008,3149.02488454411,6.945524640269448,7.329460897986621,High Risk
North,Road,98.70812299977456,982.8957440129,3289.752942599234,6.983267737986931,7.284956720523856,High Risk
South,Road,82.41413358807107,848.3250772162978,2401.6076528361973,7.046702865338474,6.8964444110070735,High Risk
North,Road,84.12316597594906,748.4054981116432,2063.9297219775485,6.484942126998915,5.834536023654688,Normal
North,Rail,128.8391874204729,949.6420667285997,2776.078166771917,5.8546271240168295,8.057097150057611,High Risk
South,Rail,81.9649127662665,642.5740474102632,2337.1975248211456,6.090601781487415,6.638600998471755,High Risk
West,Air,141.44515597001615,403.075097656239,2175.1270161976136,2.677168568395853,1.9732876892202915,Normal
West,Air,104.82727275452518,604.3412500957461,2555.7702469808855,3.773213322331638,2.941438948680741,Normal
West,Road,241.66651828602173,441.42725945419426,2985.355735316629,4.641817737029388,5.183219365526577,Normal
West,Rail,79.10279393246562,460.95008300717313,1885.6293665064072,3.1228896051043074,5.344536329357111,Normal
West,Air,155.46250377948957,609.534772199655,3073.5494313348377,3.6103919702993577,3.2388874224774535,Normal
South,Rail,43.25538229078975,428.1224221200108,1573.47740745986,4.3322908758090195,5.233801227897175,Normal
South,Road,58.04807118587349,563.7707717010687,2041.117886581677,3.9876137993952234,5.210533519606139,Normal
East,Road,224.4575713562113,119.78789325293997,2016.285167749677,2.3892608959766224,2.7793372049277436,Normal
West,Road,138.1963813055577,709.7222380644228,2536.1409608966624,5.933321112900692,6.1467065612614356,Normal
South,Air,113.71444680353544,650.3375331014228,2632.789753074339,3.115119625086822,3.490592394887704,Normal
East,Road,274.9532149076702,421.21518330090663,3258.3457625771725,2.7664319102145027,4.752211498632738,Normal
West,Road,83.10640180994325,834.5887871610735,2654.4270951906888,7.3963498238514935,6.5947803625169765,High Risk
North,Rail,155.26232683661064,912.5196385354363,3317.2706419914857,9.505915184760667,8.020738775340838,High Risk
East,Road,161.4816969815382,199.88323797668727,2095.4810685641332,3.621498765830944,2.946025014345801,Normal
South,Road,198.50905488049654,436.43706200146005,2374.6264037145274,4.004486024970863,5.164343615197933,Normal
North,Road,39.92536509365539,434.6401420595565,1741.647231563703,3.6877162467414193,3.9065636534755033,Normal
North,Rail,82.78314016437498,386.8271316895179,2015.8517547173144,4.4914931051270734,4.727591607848238,Normal
North,Road,103.8032258869203,882.2529557408895,2861.963154010706,7.054184404708843,6.721182521560479,High Risk
East,Rail,196.76470331752017,595.7286811436151,3269.5277275806243,6.832262945400529,6.227063402437487,Normal
South,Road,111.15483990081864,575.9358444330289,1917.6039821049983,4.78882223664928,5.497865792194891,Normal
North,Rail,161.67041700876445,88.91853796610906,1664.1256331731286,3.1584515285037105,3.42208266905107,Normal
West,Road,37.50138445430849,827.9170484585834,2019.3018847966491,6.719839633506275,6.300564806851623,Normal
North,Road,71.75379843349992,303.0076494410277,1557.0577784634224,4.631170821496469,3.3137799988082466,Normal
North,Air,176.51155628536733,666.7811364745719,3065.4029746042165,3.6805382156258943,3.3991150034133706,Normal
East,Road,77.50517806650853,727.6655426282937,2390.567662821952,6.040575290869166,5.473086382578908,Normal
East,Road,86.79374702392647,1030.9844068348223,3128.9326371361003,7.004346928556773,7.229588389757768,High Risk
South,Road,195.0756743530004,283.53028824664864,2404.2124106130227,5.654191778324288,4.3211930691271725,Normal
West,Rail,49.754421950927835,50.0,931.8070223057506,2.8244325738417335,2.8956067323731887,Normal
East,Road,57.45629362928881,701.4778725310346,1883.6021769511583,4.39504766849369,5.1964981819626175,Normal
North,Rail,34.781063032155835,1154.143130823039,2663.155271951579,10.496768168882289,8.746017210582991,High Risk
South,Road,199.27152680698347,996.9049788230425,3853.960606786309,9.162452232846704,8.348707099735613,High Risk
North,Road,148.1654193252928,708.7046362768953,2868.177416957324,5.40476396119304,5.973034030999696,Normal
North,Road,146.12713754230413,512.3418680230268,2342.9243326592314,4.329206738386223,4.848981656376388,Normal
East,Road,70.53327353911925,875.9943270584469,2403.2053563019253,6.334099428137487,6.249668833849543,Normal
South,Road,32.9667788583573,377.4070640827488,920.9184591732101,4.427436472937088,3.9853346049436933,Normal
West,Road,26.574118848642094,783.3801754197414,1797.8335448735456,6.170692525814089,5.990405698229033,Normal
West,Road,177.21519139974023,791.5316445666556,3434.338356211593,7.050756873049483,6.844474845518654,High Risk
East,Air,117.94064411429227,946.8587740996863,3120.3793669268803,4.704694242759542,4.4197520439859295,Normal
East,Road,130.59537853865942,1422.7048108951017,3956.39699345408,10.028087281294026,9.625735308431086,High Risk
South,Road,101.08802977803491,759.8764708100548,2664.9452005755884,6.754062473707187,6.521781949331303,Normal
West,Rail,53.10670565999592,507.49018480190034,1525.3390423950736,6.4535959246504015,5.450528807995234,Normal
West,Road,72.5167487891552,642.8391925862416,2094.6209830270595,4.43473709836122,5.455177200924582,Normal
West,Road,44.92487985324933,154.65874663104688,1128.4026129627498,2.9429116524627617,2.593166344301238,Normal
North,Rail,41.24166242520532,455.4803232950637,1571.8284455006515,6.6234611578455,4.877981729969875,Normal
West,Air,141.5859659530123,535.4009173283309,3276.2232019391195,2.8681839152347934,2.793898482781189,Normal
North,Road,28.35113943772442,503.2552485783141,1184.8025472234217,3.4147101144915495,4.177629219150001,Normal
South,Air,45.12627275138582,692.6593641694421,2546.900122902544,3.029614238781814,3.4123166287111832,Normal
North,Road,75.08721301385806,419.7224189329838,1636.0100959944346,2.9697011428963833,3.9697963486294654,Normal
South,Road,91.46421973167071,963.888586850852,2930.6818956127067,6.92446558892664,7.612524781508183,High Risk
West,Road,34.47817104288461,650.0579781770952,1880.2853784422596,4.923296617460317,5.308166179941294,Normal
West,Air,27.8094036886096,647.3959100811879,2015.9420247283874,2.255543170766615,2.7885948472364097,Normal
South,Road,110.36960490704016,558.189479376383,2218.531042819679,5.436004994558018,5.42560230676718,Normal
East,Road,97.88217022050468,693.4533914805141,2003.2181385748934,6.0544541798001,5.340897951942574,Normal
South,Road,175.56442070840234,881.0275141069377,3352.549280301182,6.740189622151079,7.569273131245563,High Risk
East,Road,92.36270990882576,407.2035396009479,1822.0065834835939,5.117148052875532,3.7447493702942705,Normal
North,Road,116.65308538821283,465.7273830589281,2166.456703809908,4.841150929835711,4.450442452615373,Normal
North,Road,55.04414746940596,564.956711942534,1981.9490773890977,5.551179576022049,4.70289497486999,Normal
North,Road,56.532017861428095,273.15614142749985,1328.5409614809048,2.5025765213350217,3.0639620646094814,Normal
West,Road,37.028589138368886,420.60779927798063,1421.3863660242098,4.824176316480226,4.030511724884083,Normal
North,Road,55.387638706059754,516.6581554074955,1546.0162855884646,3.3882749332758064,4.401981796242019,Normal
East,Rail,71.87152867646921,894.8289705995637,2474.708864622942,8.19868268222113,7.232420060404413,High Risk
North,Road,166.22084361374834,723.517172120539,3098.9090740739052,6.11818981139147,6.153748757717631,Normal
South,Road,50.165145320366584,704.2051751829124,2272.5089934221032,6.532167614654796,5.960296040065223,Normal
South,Air,247.45471611118163,888.2514294070322,4132.079221867347,3.989691545861368,5.5064945121076905,Normal
West,Road,122.37566650828829,611.5358992481689,2370.726706974378,4.63145817763181,5.528751836590599,Normal
South,Rail,108.77718265744117,759.3301579800891,2455.1259198978637,8.495802054575789,7.4012337882711705,High Risk
East,Road,88.24459641886558,621.0979091789011,2345.4884583449393,4.047873563713568,4.936938753357136,Normal
North,Road,78.74723558004149,724.301457831896,2376.7128214298264,5.986940578755837,5.7087118946460995,Normal
West,Road,60.67719395949456,486.827575868757,2036.9259504290362,3.188089708618656,4.550339111936703,Normal
North,Road,33.49951903689031,50.0,525.5983831732573,2.5787852272136176,1.6769199509330763,Normal
North,Road,51.29667196813644,612.4018345878349,1784.2380103347978,3.7470632579348866,4.926146317224956,Normal
East,Road,199.0138519981356,1048.3694781079832,3764.043534940949,7.986635959094486,7.873730195691723,High Risk
South,Road,118.25905697675167,909.3403126276459,3000.112905384396,8.161003932218154,7.439839419143219,High Risk
South,Road,198.06271712457664,920.3112956855277,3439.8072855566043,7.298966195085763,7.889250397037362,High Risk
North,Road,59.70864218525874,996.116602105741,2465.584941347818,7.437945787851427,7.110416271468109,High Risk
West,Road,44.06833040053418,674.8241254692025,2074.3699662081135,5.7095994264471415,5.502532742283655,Normal
South,Road,87.74286828698348,705.2483980735668,2416.262553360584,5.628792089742335,6.1437072596530395,Normal
West,Road,52.51922991036229,477.057469278382,1445.765435418145,3.436364542866553,4.407306261775753,Normal
South,Rail,98.42979548828396,561.4996003124261,2421.4484922926217,4.012782132615832,6.277907042631481,Normal
West,Road,28.706632613296065,822.4159219359196,2288.7929780525715,6.54409506387449,6.256878607214902,Normal
East,Rail,19.27978976433424,987.0876424072685,2419.099994261256,5.974966096740167,7.498307190744143,High Risk
West,Road,106.43324687757323,610.9550428093202,2260.9138219434562,5.496259129527216,5.445709726713655,Normal
East,Road,202.00172753118235,523.9470058416048,2873.444797832345,4.645154012487582,4.955644390474072,Normal
East,Air,109.08757563658835,650.1478284798472,2583.097474625027,3.3012180850250363,2.7195051595366886,Normal
West,Air,117.59099733787818,818.3378897001521,3115.985943027539,3.670174700737005,4.211480991961263,Normal
East,Road,89.91865141421262,245.72065148260828,1064.5684573955036,2.6932653329568605,2.7871460223864792,Normal
North,Road,94.89248176481144,50.0,1283.4878848971707,2.753170991163633,2.015281612977268,Normal
East,Rail,32.32390707220649,495.84968214235664,1298.985262843712,5.05026509749975,4.783517838661458,Normal
South,Rail,53.788617493909285,308.2005207440356,1658.0645784498327,4.693189374595704,4.636082477898613,Normal
West,Road,165.30444124949378,507.72074465875295,2420.0537377010874,5.560695446277076,5.157180272602828,Normal
North,Road,41.593581294992525,608.621510731108,1737.323523428884,3.410317931383756,4.858811584896046,Normal
West,Road,70.90879905429665,523.0904454735562,1715.2685742218039,5.4659219512809925,4.762678702668179,Normal
South,Road,163.5053190179057,1056.6909096518089,3430.269482478794,9.246674095208203,8.478071902346656,High Risk
South,Road,93.40103110408856,741.4885340886497,2649.576854140086,5.389559344633966,6.386797948425286,Normal
South,Road,96.12836234096191,734.132820691032,1952.4643689570207,6.138867421398295,6.294833985464537,Normal
East,Road,71.23497717540239,824.2180003321525,2617.548905773253,5.785351936670205,5.991071327066104,Normal
East,Rail,127.2146457760873,331.1267270213846,2019.3741211756976,4.07805001638206,4.370097980184362,Normal
West,Road,144.32188872988328,940.9513004776752,2912.6136081245604,7.747389289962659,7.4644594894411975,High Risk
West,Road,51.935827379010185,628.7859997700713,1693.6358259546425,6.6077241677739655,5.251913194839555,Normal
North,Rail,34.55534967624874,837.7345728275395,2530.3582222974155,8.188951205062327,7.013621920697432,High Risk
North,Air,22.385968682267677,349.87997474875647,1388.2656894078352,1.254093794586873,0.8484481911327434,Normal
West,Road,114.46933874113765,214.947545515502,1364.229106232597,3.8281699008160897,3.246923680861546,Normal
East,Road,107.2857825112393,879.009104247008,2953.341094563539,7.401663688246492,6.477452504191359,Normal
South,Road,284.9471350670201,755.3946673073046,3860.039024732523,7.8613957249021285,7.412186924770783,High Risk
West,Road,90.22373594159669,397.42556477989706,1566.0215898457539,5.176725998481708,4.15076389187068,Normal
North,Road,81.07418558729779,406.49433724308557,1724.741155701084,5.719006306754263,3.932276878295068,Normal
East,Road,100.30937788514878,965.1217396361354,2673.067256044672,7.542603276003967,6.889093716275458,High Risk
West,Road,103.39696484695051,316.9646699971482,1878.9906381088367,3.9883549878860083,3.7999672898262493,Normal
West,Road,77.41574104096425,1109.9484269116697,3151.8446989586955,9.046361375603448,8.111668306102736,High Risk
East,Road,53.04114788480317,397.82619429859676,1563.6358400109368,3.710704561720396,3.497904904885733,Normal
West,Road,87.43938172796432,828.7497391703472,2577.8495569309484,6.551653518952627,6.575004450120854,High Risk
East,Road,85.53764347989882,557.9868267902843,2315.160525093425,4.232935133569211,4.579384762549246,Normal
South,Road,84.73504135519248,818.8924807030561,2474.98692598792,8.40245473377975,6.753414407114465,High Risk
East,Road,134.58367959906562,497.6480794080261,2026.9140974423767,3.738584272096079,4.439870950803353,Normal
East,Air,86.52692036617094,604.4179862997577,2572.0724056007975,3.537674698141727,2.3712218506458234,Normal
East,Road,35.09460563446182,661.4573691108019,2201.865762339789,5.27112309152238,4.9103107804683,Normal
West,Rail,58.607071986299474,369.38751238118766,1352.6811074331001,2.940837215071665,4.708389407980245,Normal
West,Rail,76.84832896232764,857.4308167176353,2504.4916814514672,8.246510293581114,7.545730193597235,High Risk
East,Road,88.90967075990326,506.3002013879561,2001.7652888972839,2.475694955756047,4.284563847864029,Normal
West,Road,115.80832982825729,585.9920237047947,2258.2023457962896,5.907938895792912,5.350877512176905,Normal
North,Road,89.31663949671348,371.58217510961657,1503.692183861211,4.55838871814682,3.7583993796716024,Normal
North,Road,19.624270114162844,50.0,785.7291589434573,1.219238762441643,1.6400178044539917,Normal
West,Rail,38.02703526293109,596.5122264719527,2224.9496028293233,6.033335265782798,5.932368775212179,Normal
West,Road,120.21344433661567,1325.5323180516166,3703.075250243427,11.322551461152592,9.521033287041606,High Risk
East,Road,75.60764398471453,869.6892006114467,2340.567765668641,5.631178231057147,6.231885677041579,Normal
South,Road,93.77454674517504,644.6070936743695,1938.8869653532183,4.777808028532542,5.7968370926953625,Normal
West,Road,69.98928999760399,576.3905678216851,1966.6811150726787,6.450380652014736,5.071321461841083,Normal
North,Rail,58.45417440249405,656.290449987373,2263.7053099715235,8.125703642223158,6.1079318337977195,Normal
East,Road,71.53316453569478,803.1933522490588,2436.4766806869297,5.7175778740246725,5.861530279020034,Normal
West,Road,94.4167037487642,319.37241171352343,1620.206537295727,4.685614456989973,3.7499883820114137,Normal
North,Air,86.15481143600962,962.0100745072841,3043.96438285567,4.676048172581228,4.605610719253641,Normal
North,Road,143.80975878354278,850.3067683235483,2761.9083307508163,5.860743693109085,6.713617446047463,High Risk
South,Road,30.477141603564593,851.0920031982216,2294.210864200854,6.2509314624774275,6.674189477180665,High Risk
East,Road,33.5788053164861,772.7732068667236,2185.876722831544,6.45853958367141,5.507048276118382,Normal
East,Road,75.081076642743,655.4926641543171,1825.0138189089043,6.439441787737839,5.018441954408534,Normal
South,Road,116.53889211174885,838.4011460707096,3026.293159507928,7.670826936558215,7.049255252946147,High Risk
South,Road,130.610583418948,815.7079574475858,2902.78874165538,6.154457487331109,6.976244162823589,High Risk
East,Road,59.9148009650131,550.8686009365133,2052.420514806887,6.105603293661666,4.404403059756835,Normal
East,Road,10.110942476961528,489.39150358886775,1086.5900727462076,3.402076586055215,3.763679266742647,Normal
West,Road,61.131091004916755,678.5197626733562,1799.5570682063308,5.244245312356141,5.572127243757624,Normal
West,Air,107.47574981281211,1083.7256424186526,3501.903361368641,4.857196264792989,5.644583344873707,Normal
South,Road,85.22469766785396,303.05001881690777,1614.7615548609629,5.354865003128469,3.873794492038974,Normal
West,Road,118.90771875566756,239.0929255893168,1971.802435507896,4.205498938205466,3.4532823812718703,Normal
North,Road,162.22043479791347,696.1330355462247,2932.927450792217,6.174602644865743,5.972213029276251,Normal
West,Air,78.19639805195658,664.248556519685,2498.191265709339,3.4849586853192007,3.145048051357165,Normal
West,Road,65.39188335428774,698.5356660237143,1928.3660849148823,5.7376766930314105,5.711357954563776,Normal
North,Road,48.43177665240111,718.30689541438,2248.976651503338,5.903032609839857,5.531668751846074,Normal
South,Air,33.44270832476171,587.5033687022545,1904.0217554023266,1.5379482894842662,2.730815653951766,Normal
North,Rail,27.320121920581418,1067.161762808583,2894.0784788830824,8.111174288987073,8.261906236492258,High Risk
West,Rail,56.29534589208852,201.74688602657562,1157.3689926430304,3.6709771642490545,3.769465595397214,Normal
South,Road,150.3726130607585,418.0208330615311,2492.326128272507,3.6374339119816494,4.864277691370826,Normal
West,Road,125.23466184112065,621.0886671582667,2522.9112317095323,5.920976801080016,5.607135781586911,Normal
North,Rail,63.521525523287025,189.90713287683315,1214.0239914901654,2.954981173770797,3.49972072951242,Normal
North,Air,248.7062415457711,600.76076675902,3558.601010705036,4.217939693869846,3.4017751316367675,Normal
West,Road,58.75656434280617,1115.2116464038452,2774.8253911930237,9.489467707807554,8.023975018930757,High Risk
East,Road,170.51314208951047,655.8482167228693,2868.1108286093263,4.999360746391876,5.533956499203798,Normal
East,Road,192.19674701407175,714.5962536012314,3069.7078169827837,5.662944528592661,5.966613669129511,Normal
North,Rail,111.54329602555529,297.15386575167753,1675.9603295722347,4.017227267095776,4.33511540065788,Normal
North,Road,55.96503681129053,477.4188057489463,1606.3594018196686,3.7606235589901527,4.196835421410979,Normal
East,Road,68.7465690001942,544.9450135092976,1867.2674371430458,4.565892998611762,4.39390995531701,Normal
East,Road,95.72579789996743,561.0397729082545,1693.9771877653702,3.9412841387772324,4.583613093617172,Normal
West,Road,34.117632800040646,1008.8602626010552,2544.5087026342107,6.198156235648889,7.317086003510891,High Risk
West,Road,45.486530138833096,806.1534970030349,1992.5371660061878,6.794716810736472,6.214824220163608,Normal
East,Road,43.030737740308936,338.791772057631,1078.9862574598078,3.787474058911281,3.088848309857289,Normal
West,Road,116.23996682166968,719.0213379609613,2213.3952538638723,5.288130261226483,6.071481474629676,Normal
West,Road,161.37919613481094,789.5020895790999,2649.608428275754,7.5203139946173065,6.692123417794464,High Risk
South,Road,127.93111475327774,969.2417307859546,2820.220677617404,7.296080263478781,7.791173062036314,High Risk
West,Road,147.16255661877943,1092.5513922391447,3303.166710924141,8.529862306303324,8.336449920931036,High Risk
North,Road,53.00251646601095,365.7736262881968,1759.8859719432253,4.304354489627416,3.591312306965031,Normal
West,Road,70.62907095474016,422.95989686110534,1546.3467784060372,4.151908322322764,4.2018942365578456,Normal
West,Road,73.87807819587186,297.87819950390747,1464.9918512207519,3.9356276405405324,3.529020531976205,Normal
East,Road,111.29674237240665,584.4744394500452,2304.700907635051,4.3365973097045,4.835149961201705,Normal
North,Road,57.279600379524915,780.5803448449736,2230.0784942146333,5.591859499268874,5.907048021458307,Normal
West,Road,142.2614960496523,926.4536646449485,3074.2822282199722,7.14168809096891,7.391491247683637,High Risk
West,Air,189.34208082194166,628.7337133800936,3061.2674742232894,3.0111982521131826,3.490442610721931,Normal
South,Road,114.45977739222862,560.4426934886437,2472.0963388682953,5.276178158045035,5.479013830013548,Normal
West,Rail,68.76270622178957,692.4922378296473,2531.4975206365516,4.9575423917617565,6.616594628895195,High Risk
West,Road,50.028299481375,416.15998754359356,1177.2211682794648,3.578219435530617,4.040876671222723,Normal
South,Rail,43.09805795108469,1235.0708420745366,2840.8619287261545,10.361192243850704,9.73396463776281,High Risk
East,Rail,19.79756983929704,199.85491240694358,891.9082291679232,2.618235130746925,3.0830190920649208,Normal
West,Road,75.24413351167979,701.7273620908029,2016.3365780682457,5.5310513727356305,5.779913207265107,Normal
South,Road,72.6919645135633,1216.609741384299,3215.183965680665,9.047404134521313,8.929590329586754,High Risk
North,Road,137.52887997066887,651.9039564767994,2415.1412588377043,5.8877020940124565,5.576272323073948,Normal
East,Road,59.65304116542194,596.7890701995816,2273.2717684654526,5.375242233742476,4.673025259811501,Normal
North,Air,77.78750326747368,549.9152816130804,2541.7120414918563,2.356587450960914,2.283758272378603,Normal
North,Rail,101.1666035087915,599.4903291065258,2305.7199796241703,4.639972029919434,5.990201438778087,Normal
South,Air,113.42666748177658,1034.3975729094284,3665.1650431487856,4.171688029154016,5.670837611134134,Normal
West,Road,128.98805963394716,50.0,1570.2761057487353,1.9196437052919284,2.433148454718041,Normal
South,Rail,95.52633564470659,1079.361436362971,3013.0977260629006,9.513314375945303,9.133295053825462,High Risk
South,Air,35.515572767361334,251.29199731395937,1323.6832149382726,1.4232914130968677,0.8598374911548834,Normal
South,Road,107.9410364018416,575.3373478143639,2205.615306884369,4.202494666736851,5.506956724318742,Normal
South,Road,56.976477619335505,529.8115623163746,1895.4765315541385,4.521392009545954,5.0079629783362,Normal
East,Rail,165.47645956278822,814.7949155358015,3153.8319743509237,7.480834455652192,7.269747258693137,High Risk
West,Road,87.08499321184294,202.52518147255068,1067.8241700551087,3.6011267695522005,3.032319983374062,Normal
North,Rail,98.81752347278902,779.408346502944,2438.883210123376,6.430574026564598,6.9697246656539225,High Risk
North,Road,297.3933162591687,1216.8066945203186,4729.009146481617,8.784335521882204,9.558004393348686,High Risk
West,Rail,130.22081687119257,268.31127871401304,1850.3459383148613,3.2146172276706233,4.5184368860586055,Normal
North,Road,106.84960198287877,703.1177269309107,2775.1425209210774,5.5580043711016325,5.753216744918398,Normal
West,Road,79.15726700314167,464.64499021694945,1530.0477246921569,3.64822313305434,4.464244024518168,Normal
North,Road,37.59813533503301,769.24841773405,2134.8222107506876,6.1353915298871105,5.750550646882472,Normal
South,Rail,75.81384939773248,655.3613776764106,2456.3186238641256,4.740049201971211,6.6920713577046556,High Risk
North,Rail,49.62900940203897,470.38366546759335,2066.3996029858317,4.457595380279511,5.041051619906347,Normal
West,Road,201.76237242836524,786.6042397639008,3185.1153888743333,7.131807849436158,6.902337837531206,High Risk
West,Road,107.64482735788452,1155.217470740288,3350.6523793359374,8.622927946909304,8.508252400088635,High Risk
West,Air,162.22508631482168,596.5469383163563,3124.189321647732,4.734475068090627,3.2025761061691753,Normal
West,Road,58.59642460056717,851.532223801491,2382.4155828364346,6.850690910161753,6.554562272203356,Normal
West,Rail,51.97543536174805,287.8835717960742,1319.0156062042483,2.811522642906808,4.2334038021463805,Normal
East,Road,123.31003327129184,382.19781449095757,2023.3737664715811,3.73070378260054,3.762870910764987,Normal
East,Road,48.33867622057964,782.2737578065057,1689.440625390666,3.9727966652861277,5.5777721064484584,Normal
North,Road,65.63863303957524,1065.5524879900702,2916.6427688778454,7.233988637961496,7.555040170032074,High Risk
West,Road,206.92294093503835,749.5717376599848,3249.2649120624023,5.868078146660157,6.729601927280452,High Risk
North,Rail,67.2562046669299,562.3437514535168,1914.5351323708137,6.477332964598447,5.603985419657906,Normal
West,Road,32.20101873976139,649.8015935185391,2152.4154781651,4.74009783121077,5.321761080160728,Normal
West,Road,23.983822244328046,299.8858344884791,955.9841905805488,3.1612110197457124,3.274749370724711,Normal
East,Air,29.45209625399694,819.2642913795027,2405.1403540491524,2.936445398145243,3.2733542971392806,Normal
East,Road,167.3933437349259,897.0532574505546,3573.2601955718446,8.109290866345956,6.895574596821771,High Risk
South,Road,60.904262966018955,523.4147068067375,1607.0568660748268,4.63963731367537,4.963951506187776,Normal
East,Air,292.371063996306,518.3881986273395,3715.069077305405,3.956965827287431,2.91002741617994,Normal
South,Road,190.51716292442163,724.4459043025736,3035.483919798044,7.628988495126004,6.754875244456413,High Risk
South,Road,233.4390905302169,527.7184739086333,3158.372835331852,6.353101979716687,5.885175891002776,Normal
South,Air,149.20773716028583,631.4828679047697,3029.9434645014785,3.7245925914888054,3.5800011410309796,Normal
South,Road,119.74403722676168,1237.9221009666244,3269.640392333532,9.871778700526173,9.256434236044257,High Risk
South,Road,50.77568934219578,580.8328037911209,1694.3353089144891,3.3072569860998033,5.239587411361356,Normal
North,Road,85.82871266567827,549.6647574340577,1875.5227344676925,4.432107864928712,4.744853193191712,Normal
East,Rail,126.44327663957907,468.6882944221554,2193.5651483458087,5.893012327997193,5.13014674873631,Normal
South,Road,144.22169776827099,858.3737520199822,3053.0395237218872,7.312818571661253,7.281457446143062,High Risk
West,Road,40.06733507451231,599.2572314989311,1822.3877268693461,3.67972514618665,5.051302250149596,Normal
East,Air,76.53359296782527,468.1755492700007,1847.4845197891307,2.318959415473752,1.5207179789643503,Normal
East,Rail,81.8683320520899,1019.9651290364434,3097.896857253422,9.82597660431035,8.013292006588413,High Risk
South,Road,79.96303382743277,1047.4888412638184,2909.0505921749723,9.406622449399729,8.014423048957646,High Risk
North,Road,43.76231967494485,481.88140159316254,1805.7850631738568,4.079333929578592,4.185937405372837,Normal
South,Road,218.73557654133802,127.36881361902749,2240.4841552051557,4.391429444569411,3.5612719430879793,Normal
North,Rail,75.00136102356589,932.1038331543382,2892.6400230976374,7.453904956530603,7.736730415198432,High Risk
West,Road,45.89217677126729,458.3036487871989,1612.2635790704653,2.6364752932225257,4.2916567394091025,Normal
East,Road,221.63432038916778,871.3751677655753,3800.1318032848176,5.9151306558989765,7.014387960082462,High Risk
West,Rail,190.61502742093174,98.37093104068606,2078.419534339178,5.241819589860434,3.8804478561992743,Normal
North,Air,93.35645832452715,899.9272547238065,3069.407176815915,3.6622435397568878,4.302150205618108,Normal
North,Road,23.818760328064037,310.8718598013813,1505.6462646750551,2.925389194127939,3.1418815609073243,Normal
West,Rail,64.43375719976925,854.6139533386269,2634.9855475251793,7.4059799373150295,7.4880285577342764,High Risk
North,Road,27.7685197632961,653.9964589942016,1863.1007872157993,6.6820301012795955,5.05635399296046,Normal
West,Rail,114.81440932083926,382.89696256893944,1735.2883328856801,6.754937737564696,5.063025939706936,Normal
East,Road,61.680653312745946,536.0298323805015,1553.860522612262,6.238539321771119,4.285780331965359,Normal
West,Road,84.60997318627146,842.1691679478762,2569.893554430259,6.438354567009446,6.634799726180156,High Risk
East,Rail,211.08093472671814,679.6504468722655,3233.3298723443454,7.026337507255943,6.7424303349738945,High Risk
West,Road,58.89469124206915,813.6356345322956,2168.725639126148,4.860118720510078,6.330355057569035,Normal
North,Road,112.0758742429504,1203.403363664336,3408.6194032584353,9.572378689542678,8.552540914109478,High Risk
West,Rail,131.0758894334601,212.0123487209056,2051.9220961024353,2.5774639821893537,4.234766107782297,Normal
North,Rail,164.58621102105076,1102.8195209912146,3780.409278604366,9.614085891783827,9.138055473431567,High Risk
West,Rail,81.01245294870151,679.2196625064996,2064.4645051121825,5.447867500938928,6.555283897617693,Normal
West,Rail,76.06394187075607,398.34046646952413,1694.5186555523335,4.143017106489999,4.973506572050847,Normal
South,Road,75.00160244401145,277.51218479308284,1258.5151129106246,2.741727109049779,3.657589637205324,Normal
North,Road,106.04196363501765,597.0462905824306,2148.251790796083,4.477270088807748,5.115835125040817,Normal
South,Road,186.28297946912113,908.0620313388486,3296.701390341206,7.325700739936863,7.757982489968968,High Risk
North,Road,72.95063021924122,614.2862462942904,1925.697888354253,4.471237365103309,5.0441856162005445,Normal
South,Air,12.283613793171654,1073.1233804692574,2597.795906223751,5.101862857284457,5.340438799594067,Normal
East,Road,139.1727111929239,243.6708067855635,1779.8566704690707,2.2278764634136077,3.057304500254741,Normal
West,Road,89.44778127552887,646.6150946031047,2089.3525755670357,5.732803775207008,5.549353742326434,Normal
North,Road,114.95852380284671,299.3298355643267,1204.1608029740923,4.594122168814064,3.4506274547577727,Normal
North,Air,28.544396383697187,751.816927134991,2715.9159335726526,2.9143849997313827,3.1811403293146383,Normal
West,Road,61.82924668477564,898.3284692272441,2653.0567819597873,6.108737179808298,6.847813040787785,High Risk
North,Road,132.98103084471165,532.186697769305,2224.2746824686387,4.597969688288547,4.888358749595476,Normal
North,Road,36.72744104891619,50.0,710.3250045055042,2.8918534961201914,1.7079986613524396,Normal
South,Road,111.93386702144966,705.7054811030184,2250.5812000778606,6.493453732334675,6.236929934728285,Normal
North,Road,84.20231066679462,772.2867944853826,2690.217324604835,5.369312250008069,6.022086643809662,Normal
East,Air,53.82348362733284,763.2025313892754,2890.965730246116,3.3948077139735764,3.1200246364740796,Normal
East,Air,51.06028659630937,996.0190137102031,2988.474109941678,3.2752282321094217,4.381891386658237,Normal
West,Road,44.03369657876731,350.1049696982663,1498.9723252622794,4.299396528574999,3.6852224647075267,Normal
North,Rail,89.17114584470292,840.4605095261259,2658.4358129133,7.783924673012882,7.279350363935395,High Risk
West,Air,95.27704044048426,983.902103493833,3015.6030036374104,4.140359506656029,5.0041621587076826,Normal
East,Rail,68.67194589615923,151.9954764781753,1131.5014355235126,1.9907761293772956,3.0589744596546473,Normal
North,Road,42.22814814821761,739.5025112573136,2045.8693465121494,4.686051778192982,5.6010409247813415,Normal
North,Road,110.1349334650704,508.829647317852,2002.4877791127133,5.0599997120005735,4.64105829164565,Normal
West,Road,140.56988555808067,627.1736515315391,2483.0168414132218,6.8327074589093115,5.703694708808026,Normal
East,Road,121.4384194479825,747.3494153907342,2590.5011181466916,5.099360466323942,5.7907672724896,Normal
North,Rail,238.55659681506592,513.5760020482053,3083.1649712418716,6.60791479251263,6.1963363060762155,Normal
West,Air,77.04050905682182,460.8017378347487,2166.5814084929493,1.4122768272087833,2.004129198992437,Normal
East,Air,176.44344463557601,659.5626768966468,3049.6748416835558,2.865984462430732,3.1084160346310066,Normal
West,Road,57.18489992506606,345.57113711841527,1271.9749762865154,3.6578202091637126,3.6973580629361553,Normal
South,Road,51.45817666047956,345.96896391214807,1129.3162873669323,2.952404012842678,3.9146041812072467,Normal
North,Air,92.38257074185557,840.2245192278209,3145.576668856345,3.1315936232981656,3.980473008281504,Normal
South,Rail,197.73353677334362,328.3376701555763,2082.0897050246317,4.5276432769614905,5.41474398654395,Normal
East,Road,72.01305696346739,836.5675002545793,2623.790147404983,6.1375606810037375,6.062152905325008,Normal
South,Air,28.528694958326486,779.5255619991063,2647.071784905609,3.549314287151451,3.820814698982005,Normal
South,Rail,139.10721572193384,166.77411593863292,1685.7115620275226,1.1836988651360951,4.243789659762092,Normal
East,Road,82.1066375491118,460.28189734601654,1324.1246246348217,2.1956334271768116,3.942575448257104,Normal
West,Road,102.08479740392109,984.3506328532643,2841.0233109326587,6.888554107848917,7.508744693415778,High Risk
South,Road,53.18680508562722,375.27365128088917,1415.6481024541736,4.512256686345631,4.107665518395844,Normal
West,Road,91.88267887005905,519.9668065533715,1791.586200400958,2.2064552798649135,4.844553396563047,Normal
South,Road,31.67844619579931,779.377050110531,1927.1930444287536,5.8197666833410935,6.256119166284035,Normal
West,Rail,220.55826301302025,869.3493425991267,3901.7509132975333,8.135750229961868,8.367971813646488,High Risk
East,Road,153.35147167979306,579.5691119075412,2646.0203423377748,6.141043095617719,5.023965575535791,Normal
South,Road,89.49288120832306,482.69714548634033,1720.916923261598,4.480870783385908,4.878346481814926,Normal
East,Road,136.99473732844717,1048.263561275582,2988.0818465974694,7.569187273010221,7.530393437379154,High Risk
South,Road,57.27837617263784,1136.891905863322,2806.7912171203798,8.703664806161749,8.391482164870427,High Risk
East,Air,149.64073360459884,924.0802542189027,3498.5395319750032,2.798619121579122,4.469487259288124,Normal
East,Road,70.09164497532123,673.8890799182068,2190.6704953963927,5.7184987318737415,5.130088960634585,Normal
South,Road,67.08336197295256,423.6855979405406,1520.46155413308,4.624150078466291,4.441183347965,Normal
South,Rail,46.036578543063875,417.4755661641617,1625.8630864788943,5.635221482158273,5.192934894816139,Normal
South,Road,109.3604065629482,796.3039494744121,2958.8849609917306,10.776393724525391,6.7828991539386445,High Risk
North,Road,87.2360709699619,767.1515018488315,2544.120173444031,3.9584654331841813,5.994068806386241,Normal
West,Road,179.52389384206847,1042.4476060250004,3562.444175489605,9.810099693461158,8.229703211216158,High Risk
North,Road,42.53699137440487,832.126025910119,2162.732401039842,5.714257856017267,6.116388071972609,Normal
North,Road,109.64133465631697,229.13751550725095,1499.1208490615197,3.3629526406683405,3.0730021311692024,Normal
East,Road,161.50920068061683,944.5453329624172,3472.7904751222995,6.7818844182847755,7.118643351019076,High Risk
South,Road,295.98781911954075,370.5430243519644,3053.7004724405933,4.831470472321431,5.295461037562227,Normal
West,Air,96.256170603307,542.4880438533415,2454.7873970924893,2.569789390078534,2.558559344659302,Normal
East,Road,69.27973419624136,720.0560577504745,2190.133415389911,5.569185090939258,5.37733553918026,Normal
North,Road,94.84368474034048,1208.78689713951,3178.8091351324692,6.827687631640392,8.485252414543835,High Risk
South,Road,171.7874133564225,1520.7771956815009,4153.26338955788,12.163719269239179,11.10229691218522,High Risk
East,Road,171.748546944841,819.8824565581311,3161.507493286578,5.876420230059913,6.457567795438691,Normal
South,Rail,80.14118426607378,598.7049467582914,2103.6399632846014,5.151985842448749,6.370826995297747,Normal
East,Road,170.13290419742412,799.661581574554,3144.3741206329614,5.737982377633147,6.3390497573875475,Normal
South,Air,84.84366812970443,898.5435192446741,2927.1318659774693,4.967012931484705,4.739804290999249,Normal
North,Road,136.15444562847264,560.2130648439863,2586.4540122727262,4.485572080419534,5.087757929547642,Normal
West,Road,116.86704671212077,1152.6591796554503,3166.042938071721,8.819676328410068,8.51780455272673,High Risk
North,Road,67.5964415184878,714.4198125735926,2466.538283317479,4.809500180915956,5.614427418511968,Normal
West,Air,47.14073869160036,789.3680649455904,2235.1696669597777,3.966059130447679,3.6647719215619485,Normal
South,Road,163.82207601158387,836.4587905752492,3155.2263214678555,8.023699546466231,7.257586253279167,High Risk
East,Road,188.7279101703639,768.0442509720476,3215.3003403797006,7.6453826401109435,6.255190214641241,Normal
North,Road,108.18011103544369,884.9033401314914,2622.767706469095,6.391106227176602,6.732811358418888,High Risk
West,Rail,84.77686059612577,477.16910776686154,1999.5471544757818,6.1271126531576305,5.467959528212006,Normal
North,Road,38.93794575085042,493.6755088951114,1773.9662614189078,4.2635436001684495,4.225976473520131,Normal
West,Air,161.5318817095429,341.95681476792544,2146.622264545639,3.135660221816655,1.7265453555648993,Normal
North,Road,101.20667890580886,773.0603445736634,2599.343790931448,5.281819865465771,6.0924191061791415,Normal
West,Road,73.50818707103612,868.1022209833919,2036.4593080713214,7.3920074801938656,6.6781656474303634,High Risk
West,Road,138.28208190680948,778.176402522528,2611.4376697615276,6.305932185348824,6.525938301365961,Normal
South,Road,34.14908702694116,1118.8578813373106,2959.010452750171,8.272520989265217,8.206168634708112,High Risk
West,Road,44.53919612036345,648.433114727867,1765.562708302601,5.4037040341154166,5.33287346349368,Normal
South,Road,55.96390773780338,837.2476635659035,2090.549919715491,7.042520134651757,6.691895256255135,High Risk
West,Rail,114.83336273071303,344.323754680992,1858.1703666037263,4.539896149657517,4.864789693452927,Normal
East,Road,95.44792002374798,541.6120833071677,2411.4305191586855,4.682578520565685,4.5426398229699,Normal
East,Road,122.43637577517599,844.7505721184177,2464.627659503255,7.509975240317504,6.312827837804418,Normal
East,Road,155.5768777675072,887.7485910080803,2923.252629195918,7.359776014632311,6.7336522153656,High Risk
West,Road,124.88571974623885,567.689254654029,2568.9400062552063,6.0820040588069215,5.319680295682926,Normal
South,Road,223.09792275218274,629.9522094797413,3456.1030531900287,5.9579898988558035,6.422692283009853,Normal
South,Road,155.37944408471034,224.99535092937333,1866.355776257004,2.7889562540028816,3.7799722839437124,Normal
West,Road,80.02916663183073,550.0318237741494,1720.7393872765622,5.849550403941169,4.9495074872172395,Normal
East,Rail,61.573786417136176,899.3072857855401,2914.3015712322785,8.157880951576967,7.25197783896445,High Risk
East,Air,81.48295537430052,811.0574045098385,3124.1331075530206,4.100555749075278,3.5225578238245148,Normal
South,Road,127.30323709662598,790.1864019867387,2850.6386085683753,6.265217631982215,6.818304587419709,High Risk
East,Road,65.72232039105609,663.9366324106688,1905.2510539666052,4.787085464267748,5.0306990254548865,Normal
North,Rail,129.24997512908672,651.9776844158894,2557.9332557479734,4.653242252371819,6.421508733827414,Normal
South,Road,121.19648592078782,465.1100809474348,2054.203533794357,4.53109094684642,4.952189376383429,Normal
East,Road,46.698888592306034,845.6719576567098,2310.2783543603205,6.681682728229966,5.972013122956724,Normal
South,Road,153.79512025333887,767.8724244290291,3139.0691098813845,6.407135503891644,6.839526469353754,High Risk
North,Rail,106.03739668065822,787.7652774379837,2809.1300867657415,7.793372565438779,7.08070859242795,High Risk
South,Rail,217.23335669541632,502.71024405307753,2730.166425847934,6.425374628629863,6.507042953922088,Normal
South,Road,85.01737276157252,50.0,1302.3944448868388,2.622202042429693,2.469272238431523,Normal
South,Road,71.501268608712,957.2027592910348,2691.998023873509,6.417591907995112,7.466884372106836,High Risk
South,Road,42.814325708514325,515.9255123176468,1736.3971861435548,4.913100090442456,4.855903499419408,Normal
North,Rail,42.365377524403726,408.42278606792627,1754.5902270715192,1.2391665391954165,4.643975420077334,Normal
West,Road,143.8636828043213,844.1740953359182,2747.4561476501226,6.708465293561468,6.921459324672271,High Risk
South,Road,205.43528185050988,540.2364608226437,2822.1228776783987,4.1548870833611655,5.799719909882438,Normal
South,Rail,80.8029862811518,946.7821875330542,2667.666728915785,10.35572126744453,8.316758465630558,High Risk
East,Road,77.70677013754002,822.7616658814753,2149.3831303052357,6.511875615641525,5.968558621111875,Normal
South,Rail,89.60750723800297,841.3994104961337,2694.1707575003547,8.796211029872591,7.785141322638797,High Risk
East,Road,159.54503126256597,267.5324008638504,2445.7393459737946,4.706088537316834,3.337246152926366,Normal
West,Road,46.97277651813219,989.3443159081921,2187.276981349672,6.324556884600622,7.234573650808526,High Risk
North,Road,98.68472870028859,723.1501487454797,2392.5473118323102,7.227247241211571,5.791217355693375,Normal
North,Rail,145.65262122426677,546.6024010110631,2605.2110429986465,6.817903732654877,5.925110848064622,Normal
West,Rail,114.04595169547811,690.1487708558303,2550.060154588841,6.676586385932121,6.803864932181133,High Risk
North,Rail,8.804074981651457,152.6541347884704,755.4364397737274,3.853312974345922,3.0156275203950744,Normal
West,Road,125.23136300961927,764.4227872145879,2431.9890245959978,5.296657962570288,6.377597238537803,Normal
West,Rail,114.66682206374018,361.77597770901997,1966.7882913498458,3.8565093065814606,4.96885068484627,Normal
West,Road,176.3435823182088,271.25231996381035,1985.273068761286,3.266363262748173,3.880777067715526,Normal
North,Road,196.63834643368065,223.7394278589905,1785.5281289654938,2.9953066644499757,3.4509117170497867,Normal
East,Air,171.57134546865188,961.552744997179,3979.2128653115465,3.5021449352799356,4.81322106658965,Normal
West,Road,89.8887376782123,473.80624976601916,2046.2499209218315,5.727261657822998,4.608363159698121,Normal
South,Road,27.595255894275155,1079.4437587766197,2554.9557720087214,7.810596597366466,7.926249233857133,High Risk
